id,Name,Matches,Runs,Bowls,Outs,Average,Performance Runs 5,Performance Runs 4,Performance Runs 3,Performance Runs 2,Performance Runs 1,Ground,Opponent Team
1,Pru Goldstraw,5,57,107,5,11,12,18,2,1,20,Xincheng,Kamba
2,Lemar Gier,7,65,126,5,9,24,24,15,13,3,Tây Hồ,Eare
3,Hildagard Paradis,5,68,119,5,13,3,16,5,25,18,Hanchang,Babbleset
4,Syman Romi,6,95,100,6,15,25,8,16,16,16,Weda,Avaveo
5,Pietro Kydd,8,105,64,6,13,4,21,22,21,14,Kauhava,Cogidoo
6,Aryn Golds,7,145,143,6,20,11,8,13,15,19,Pohrebyshche,Thoughtblab
7,Davidson Godspeede,7,90,135,7,12,5,14,15,4,13,Castañas,Photobug
8,Teodoor Lifsey,8,130,113,8,16,8,11,5,7,16,Cojutepeque,Twimm
9,Verina Adrienne,8,49,91,7,6,15,11,18,12,19,Alkmaar,Kwimbee
10,Tiebout Behneke,8,47,68,7,5,8,21,15,3,5,Kisangani,Cogibox
11,Wilden Horney,5,138,135,5,27,8,3,10,8,14,Ouro Branco,Izio
12,Esra Wrigglesworth,7,62,179,7,8,19,22,21,20,19,Zaqatala,Leexo
13,Bradly Pavic,5,108,106,5,21,18,13,1,25,20,Lagunas,Wordify
14,Nealon Kynder,6,138,164,6,23,22,23,11,8,20,Sanshan,Thoughtbeat
15,Marj Bailes,6,76,86,6,12,23,13,20,25,18,Burlatskoye,Linkbuzz
16,Coraline Stafford,7,67,149,7,,1,9,24,10,14,Kushar,Flipopia
17,Florette Tinan,6,72,117,6,12,0,0,3,6,16,Dahe,Jabberstorm
18,Cyndy Senecaut,7,105,117,7,15,14,5,13,9,17,Nikol’skoye,Tagfeed
19,Osbourn McGrill,5,118,138,5,23,14,6,9,7,3,Wawa,Wikido
20,Adora Skitt,5,130,176,5,26,25,13,20,2,8,Singabarong,Quire
21,Zacherie Jochens,7,143,96,6,20,10,20,9,4,18,Prey Veng,Realcube
22,Stephie Bovaird,8,95,157,5,11,21,8,6,24,24,Dulag,Realbridge
23,Korella Joe,8,91,169,6,11,11,3,25,7,11,Öldziyt,Skalith
24,Finn Cossor,5,98,73,5,19,9,4,6,18,18,Tibakisa,Buzzbean
25,Terrill Housegoe,6,88,152,6,14,7,15,9,19,22,Baipenzhu,Meemm
26,Fonz Monelli,5,50,120,5,10,5,9,13,6,16,Valence,Quinu
27,Genovera Watsham,7,69,66,5,9,25,1,24,9,0,Battaramulla South,Youopia
28,Rebbecca Hincham,7,104,155,5,14,1,11,7,25,17,Arthur’s Town,Flashpoint
29,Ezra Evenden,8,107,148,5,13,19,16,0,16,12,Copán,Photojam
30,Alonso Chason,6,124,175,6,20,5,25,5,0,10,Huangjindong,Quimba
31,Robbie Stonary,8,98,113,6,12,18,8,1,23,8,Hezhi,Trunyx
32,Zachariah Scroyton,5,130,160,5,26,3,4,9,3,5,Santo Antônio do Içá,Rooxo
33,Bridie Craddy,7,146,169,6,20,10,11,15,6,17,Yefremov,Kwilith
34,Emma Tidridge,7,49,146,5,7,20,6,24,11,10,Solingen,Pixope
35,Neila Unthank,8,105,62,6,13,20,25,17,25,4,Mufumbwe,Yambee
36,Andy Elvin,6,60,60,6,10,24,21,3,16,10,Xiaochi,Quinu
37,Guinna Doncaster,7,77,114,6,11,4,22,11,2,16,Julayjilah,Browsezoom
38,Babita Seals,8,108,69,6,13,4,20,25,18,25,Moyo,Katz
39,Curcio Upward,7,112,173,6,16,23,22,0,3,9,Mamponteng,Jabbercube
40,Bambi Worsom,7,127,62,7,18,8,15,25,25,11,Virojoki,Oozz
41,Daisie Feye,6,89,62,6,14,15,24,11,6,8,Velikooktyabr’skiy,Avavee
42,Almeta Lawles,8,148,65,6,18,21,6,2,1,1,Bonanza,Gigaclub
43,Antoine Rabat,5,58,116,5,11,10,5,13,14,1,Mathba,Skinte
44,Nels Elfleet,8,57,67,5,7,10,11,17,5,1,Baratã,Topiczoom
45,Fred Earlam,7,87,135,7,12,25,21,24,16,8,Fuwen,Youopia
46,Jock Armes,8,125,162,7,15,3,9,1,25,1,Huzhen,Tagchat
47,Erasmus Pollicott,8,99,101,7,12,4,5,4,11,10,Wanjiazhuang,Trilia
48,Perry Dyerson,8,108,115,6,13,17,18,2,10,21,Batal,Twimm
49,Amandy Thomsen,5,78,80,5,15,3,14,18,2,8,Zmiyëvka,Devify
50,Miof mela Kilmartin,7,111,91,6,15,13,24,2,11,1,Norrköping,Skyndu
51,Pauline Spraggon,6,76,150,5,12,15,18,14,17,0,Stockholm,Talane
52,Skipp Dandison,7,140,110,6,20,6,19,4,11,25,Sa Bot,Centimia
53,Tab Frankom,7,54,81,6,7,22,24,22,4,13,Masku,Skivee
54,Cindee Ogus,8,89,162,7,11,0,20,13,20,0,Helmsange,Wordify
55,Dolph Calcutt,8,53,117,8,6,12,21,1,9,1,Wŏnsan,Oodoo
56,Nerty Szymonwicz,7,130,180,5,18,7,0,12,5,23,Yuanmou,Yombu
57,Gypsy Itzkovwich,7,148,73,7,21,12,16,23,0,20,Hollola,Vinte
58,Kaiser Hobbert,6,72,76,6,12,21,5,3,15,14,Nantes,Divavu
59,Grethel Handaside,8,122,85,5,15,7,0,2,0,6,Penha,Dablist
60,Lottie Bilbee,5,83,130,5,16,0,7,23,7,12,Blois,Feednation
61,Larissa Bartczak,5,121,177,5,24,21,0,20,11,4,Guilin,Oyoloo
62,Lowell Royse,7,61,91,6,8,3,15,4,0,0,Postoloprty,Meembee
63,Cameron Burston,5,77,146,5,15,25,3,24,19,7,Telheira,Topicstorm
64,Kaitlyn Fairnington,5,131,142,5,,22,10,20,16,8,Huangcun,Yamia
65,Iseabal McCobb,7,78,60,6,11,7,5,10,6,9,Pesisir,Tagcat
66,Meggi Croucher,8,100,97,6,12,21,5,20,1,21,Ronfe,Ozu
67,Lexy Deakan,5,125,67,5,25,25,25,14,20,2,Nginokrajan,Mudo
68,Verla Pasby,7,61,81,7,8,23,19,25,3,3,Monastir,Layo
69,Catriona Biesinger,5,128,146,5,25,8,10,2,9,11,La Huerta,Roombo
70,Claude MacNeachtain,8,96,91,6,12,0,5,22,12,24,Tsuma,Feedspan
71,Valli O'Roan,5,147,74,5,29,2,10,13,16,7,Chigoré,Jaloo
72,Redd Cyphus,8,80,122,5,10,4,6,6,6,18,Kotawaikabubak,Oyondu
73,Shandie Mehaffey,7,82,124,6,11,15,24,5,22,8,Zhangjiagang,Skidoo
74,Hasty Skirvin,7,49,88,5,7,6,15,11,25,8,Caoping,Meemm
75,Sheryl Alfuso,6,97,100,6,16,24,17,17,1,1,Novi Bečej,Zoonder
76,Kyle Offen,6,54,135,5,9,25,21,22,10,12,Boka,Skynoodle
77,Whitaker Kahn,8,58,71,6,7,17,12,8,15,2,Tanxi,Miboo
78,Temple Bugge,6,149,98,5,24,3,4,17,8,16,Quinua,Camido
79,Pepe Artrick,5,124,63,5,24,3,5,8,7,16,Yuchi,Linktype
80,Vanni Gripton,8,130,101,5,16,4,0,4,1,8,San Marcos de Colón,Wikido
81,Alfreda Stollenberg,6,122,73,6,20,19,18,7,4,18,Villa del Rosario,Oyope
82,Lindsay Dreakin,7,113,176,5,16,4,8,3,4,10,Koniaków,InnoZ
83,Charlotta Joret,7,132,63,5,18,18,16,13,17,7,Gnieżdżewo,Babbleblab
84,Zonnya Hitzke,8,99,119,8,12,5,25,21,23,2,Duogongma,Thoughtstorm
85,Bailie Blackden,7,50,86,5,7,13,16,4,4,24,Béziers,Kwideo
86,Estella Beckmann,6,148,165,5,24,10,5,18,12,1,Bahía Honda,Yozio
87,Trudey Netley,7,143,98,6,20,21,16,15,13,7,Staroshcherbinovskaya,Tanoodle
88,Blanca Borrell,8,101,138,8,12,23,7,17,22,13,El Mirador,Cogibox
89,Kara Oppery,6,124,103,6,,19,7,21,7,22,Rizhao,Jabberbean
90,Fowler Lichfield,8,68,160,5,8,2,0,21,5,8,Zouparria do Monte,Dynava
91,Pavlov Frammingham,8,76,125,8,9,23,21,5,13,16,Providencia,Jabbercube
92,Algernon Insworth,5,128,74,5,25,3,3,14,6,0,Shankeng,Topiclounge
93,Ulrich Whacket,8,123,72,6,15,22,5,21,9,1,Starodub,Latz
94,Zorana Leroux,5,64,149,5,,11,2,12,3,5,Shaykh al Ḩadīd,Oodoo
95,Carena Meiklejohn,5,140,61,5,28,15,5,15,4,7,Fufang,Riffpedia
96,Heather Thebes,5,98,95,5,19,13,19,22,16,17,Jawa,Bubblebox
97,Godart Yushmanov,8,66,66,5,8,22,10,1,20,10,Xintai,Brainbox
98,Joleen Daniele,5,129,95,5,25,2,19,6,10,0,Qingshui,Ailane
99,Garold Impy,6,122,109,5,20,14,20,1,11,7,Belén de los Andaquíes,Centizu
100,Raimund Shreeves,6,136,101,5,22,16,15,2,24,22,El Peñol,Kwimbee
101,Carny Boulstridge,6,101,122,5,16,5,9,9,0,4,Saint-André-Avellin,Meetz
102,Lindie Hince,5,133,127,5,26,1,4,1,5,22,Lampihung,Devpoint
103,Helenka Ingry,7,48,146,6,6,25,19,10,20,16,Tanggung,Fiveclub
104,Elicia Claringbold,5,106,119,5,21,5,17,25,9,4,Aheloy,Eire
105,Natale Holtham,7,62,103,5,8,5,17,19,12,9,Tungelsta,Aimbo
106,Birgit Paschke,8,130,165,5,16,15,20,15,9,8,Bjästa,Kare
107,Constantine Poles,8,73,68,6,9,25,22,25,18,24,Matiguás,Miboo
108,Wadsworth Thomel,5,66,173,5,13,14,6,9,2,4,Bratislava,Photofeed
109,Patricia Ashmore,5,127,82,5,25,24,4,22,20,4,Shibetsu,Yacero
110,Saxe Stickens,7,77,136,6,11,7,22,6,6,21,Maao,Quinu
111,Pren Serotsky,5,44,137,5,8,25,11,24,23,21,Puji,Dabjam
112,Astrid Sheirlaw,8,105,170,8,13,2,17,11,20,23,Taozhuang,Trudeo
113,Hilda Carlsen,5,113,160,5,22,1,21,20,8,13,Carabayllo,Topicstorm
114,Kimmi Robertz,6,74,155,5,12,1,13,10,10,0,Komatsushimachō,Cogilith
115,Sallee Cush,5,109,154,5,21,4,16,9,21,12,Yoiqag,Jazzy
116,Willyt Jerrems,8,123,62,8,15,10,11,3,14,12,Banyubang,Gigaclub
117,Aggi Dykes,5,54,131,5,10,3,4,4,10,9,Sorongan,Innojam
118,Herminia Camilleri,5,57,145,5,,2,10,2,5,5,Narutochō-mitsuishi,Linktype
119,Dosi Andrivot,6,104,61,5,17,12,13,19,12,7,Joutsa,Meemm
120,Mattias Reagan,8,139,140,5,17,0,1,3,13,8,Helsingborg,Skyvu
121,Louella Scutt,8,50,79,6,6,21,23,16,16,4,Puerto Bello,Meevee
122,Hedda Raveau,8,142,137,8,17,23,19,13,11,1,Velké Meziříčí,Nlounge
123,Case Mapes,8,143,157,5,17,4,7,1,17,12,Istaravshan,Flipbug
124,Allan MacAvaddy,5,89,173,5,17,19,2,18,15,8,Huata,Quaxo
125,Ulla Luisetti,7,92,177,6,13,18,13,20,24,12,Taounate,Oyoloo
126,Doug Tumility,7,113,89,6,16,21,1,8,5,13,Babat,Oba
127,Merola Spellessy,6,45,149,6,7,25,3,25,16,22,Furudate,Photolist
128,Colette Lambarth,6,44,85,6,7,2,24,19,15,16,Dananshan,Riffpath
129,Burl Ruffli,5,111,94,5,22,24,15,17,7,0,Mucuri,Photojam
130,Nadean Teaze,8,140,111,6,17,2,23,21,13,10,Zouila,Livefish
131,Karim Chellenham,5,136,76,5,27,22,11,3,24,12,Cilebang Satu,Zoomdog
132,Augustin Paulton,7,73,92,5,10,24,17,7,3,19,Aurora,Skajo
133,Sibby Chastan,6,124,137,6,20,23,8,14,23,17,Lunec,Wordware
134,Bobbie Dawdary,5,82,138,5,16,24,17,19,10,17,Cajamar,Brightbean
135,Corry McGeachey,8,103,135,7,12,11,22,8,17,14,Seia,Topicblab
136,Brandice Dufour,6,65,75,5,10,14,12,4,10,25,Kenyau,Bubblebox
137,Wilbur Stuckes,5,146,170,5,29,17,5,15,21,23,Tangtu,Skyba
138,Megen Dumphy,5,115,62,5,23,9,4,25,24,17,Épinal,Quire
139,Denny Huggons,7,118,154,6,16,4,8,6,24,20,Wonokerto,Agimba
140,Georgianne Giorgini,6,73,100,6,12,23,12,7,8,11,Reserva,Jaxworks
141,Lowell Brewin,8,83,154,5,10,7,13,0,5,11,Dolní Dunajovice,Blogtags
142,Jocko Stile,6,131,128,5,21,8,25,10,6,11,Krzeczów,Blogtags
143,Josepha Gennings,5,100,137,5,20,3,0,12,25,13,Крушево,Riffpedia
144,Annette Rucklidge,6,94,78,5,15,11,21,22,0,20,Kardamás,Skiba
145,Vonny Kuhlmey,7,70,162,7,10,15,3,4,6,12,Cisagu,Oyoyo
146,Gwyn Muselli,8,64,109,5,8,0,17,8,17,5,Seattle,Twinte
147,Jordain Ben,7,49,90,5,7,16,4,21,6,10,Amsterdam Westpoort,Fadeo
148,Allister O'Looney,5,82,77,5,16,3,19,1,18,6,Ningxin,Livetube
149,Cal Redihalgh,6,69,113,5,11,9,18,5,19,14,Forquilhinha,Kimia
150,Tyson Battle,8,138,124,6,17,8,12,0,7,18,Osby,Quimm
151,Torin Dickon,5,146,145,5,29,14,24,14,11,4,Chandmanĭ,Blogpad
152,Lisetta Wormstone,5,49,132,5,9,24,17,24,0,1,Bongandanga,Viva
153,Konstantin McGilroy,5,149,144,5,29,4,4,6,19,6,Łapanów,Skidoo
154,Avivah Oakden,8,113,80,7,14,25,22,1,25,21,Hongshi,Meetz
155,Fredrika Danjoie,7,63,79,5,9,20,14,2,19,20,Arıqıran,Bluejam
156,Pavla Grellier,8,143,82,7,17,2,1,13,2,19,Dubno,Thoughtblab
157,Ettie Plaschke,5,79,115,5,15,9,10,15,20,25,Laingsburg,Midel
158,Harli Roblin,5,95,132,5,19,22,11,12,1,25,Naxos,Youopia
159,Mikaela Lappin,5,123,178,5,,20,5,18,14,15,Aghavnatun,Edgeclub
160,Bruno Jeakins,6,114,139,6,19,24,13,1,20,14,Syktyvkar,Eabox
161,Harmonie Petrakov,6,124,108,6,20,5,13,24,21,4,Helixi,Tanoodle
162,Jodie Cleveland,6,78,68,5,13,15,7,15,24,21,Astanajapura,Kimia
163,Lilllie Witsey,8,142,128,5,17,20,3,5,14,6,São Miguel,Brightdog
164,Helli Catlow,7,150,71,6,21,14,9,11,5,16,Outeiro,Jaxspan
165,Kata Sherrin,8,101,85,7,12,21,8,12,19,9,West Hartford,Skipfire
166,Jody Miliffe,6,132,76,5,22,16,7,4,18,12,San Salvador,Fivebridge
167,Boot Dickins,8,80,92,5,10,20,23,13,15,1,Digby,Zava
168,Zeke Slayny,6,98,78,6,16,10,13,5,23,15,Bowen Island,Edgeblab
169,Isis Hosier,8,47,107,8,5,8,1,21,9,0,Kamennogorsk,Quaxo
170,Allis Durnian,7,46,104,6,6,4,16,25,10,23,Kyzyldzhar,Skivee
171,Crissie McGenn,7,112,65,7,16,25,18,7,17,16,Fengyi,Vidoo
172,Ximenes Oglesbee,8,51,132,7,6,3,23,12,24,18,Sishui,Meembee
173,Felicio Carling,5,107,130,5,21,11,19,4,24,20,Torre,Kwimbee
174,Lurlene Clausius,5,124,146,5,24,16,4,10,12,3,Porosozero,Tazz
175,Dugald Vineall,5,109,164,5,21,0,9,9,24,14,Oakland,Linkbuzz
176,Marnie Goare,5,84,155,5,16,6,16,17,6,10,Fenlu,Meejo
177,Bary Seamer,5,79,123,5,15,19,2,5,3,9,Nouâdhibou,Brainsphere
178,Mervin Honisch,8,50,63,5,,4,7,9,21,17,Kachia,Yozio
179,Lyle Pexton,8,52,149,8,6,22,13,14,15,9,Pār Naogaon,Topicstorm
180,Ailbert Leathes,6,137,105,5,22,7,18,15,24,9,Merrifield,Voolia
181,Konstanze Haddeston,8,100,175,8,12,18,19,20,21,4,Lizhai,Linklinks
182,Thebault McSperron,6,88,164,6,14,11,9,5,23,0,Asprángeloi,Dabjam
183,Julianna Benoit,8,149,74,5,18,5,25,1,20,24,Tambaksari,Youopia
184,Raynard Aucourte,5,95,120,5,19,4,15,0,3,8,Thị Trấn Na Hang,Jabbertype
185,Blancha Hofton,5,147,105,5,,23,1,25,14,2,Caucasia,Youspan
186,Karlotta Bonnick,8,104,178,6,13,16,14,2,20,18,Kansas City,Devcast
187,Ortensia Mallen,8,96,157,5,12,22,0,4,25,20,Bužim,Realpoint
188,Lorant Gurling,7,57,174,5,8,25,12,4,15,18,Yousheng,Skibox
189,Dicky Tripon,8,109,156,7,13,10,8,1,25,16,Arapongas,Dabtype
190,Loydie Renner,8,65,174,7,8,14,5,7,6,21,Detupia,Kwinu
191,Mellisa Sharpous,5,89,111,5,17,18,12,1,7,5,Aguadulce,Tagopia
192,Cassaundra Hanlin,5,102,138,5,20,13,14,20,12,4,Harrison,Dabvine
193,Constantine McCowan,5,127,102,5,25,9,10,14,24,17,Santa Teresa,Fanoodle
194,Penny Gaven,5,103,119,5,20,25,13,5,16,16,Pécs,Kwilith
195,Lutero Blakelock,7,70,154,5,10,7,16,11,17,20,Xiali,Jaxbean
196,Nady Conerding,8,52,156,6,6,15,10,7,2,10,Poitiers,Gigaclub
197,Clea Lambirth,8,83,147,5,10,14,22,6,17,18,Huangbei,Linkbuzz
198,Jennie Calendar,8,46,101,5,5,17,17,2,5,5,Hrušica,Twitterbridge
199,Cornelius Kensit,5,54,91,5,10,25,5,25,13,18,Dashi,Skaboo
200,Gipsy Trahearn,6,124,110,5,20,14,23,4,5,13,Gangba,Jaxbean
201,Chilton Heaphy,8,94,122,5,11,11,20,10,4,17,Laholm,Wordtune
202,Midge Christensen,6,51,97,5,8,2,3,5,13,3,Chengnan,Shuffledrive
203,Fabiano McQuirk,6,96,62,6,16,14,15,23,19,8,Liulin,Dabtype
204,Ester Giorgielli,5,131,64,5,26,6,13,24,9,17,Huangcun,Fadeo
205,Nanci Southcomb,6,79,94,6,13,19,3,23,20,3,Bendilwungu Lor,Brainbox
206,Gussy Darrow,5,81,171,5,16,10,19,12,9,1,Sidaurip,Youopia
207,Barty Adamo,5,105,124,5,21,9,16,16,8,21,Radziszów,Realcube
208,Patten Roze,5,77,171,5,15,12,11,12,16,25,Reston,Zooxo
209,Daffie Crichley,6,49,126,6,,1,5,13,12,0,Qiqin,Eadel
210,Fran Neillans,7,54,126,7,7,7,25,18,12,13,Fovissste,Yadel
211,Brian Abley,8,99,165,6,12,2,5,0,20,19,Machachi,Meevee
212,Cart Beames,7,53,80,7,7,19,17,4,6,1,Moroni,Youfeed
213,Ede Waber,5,80,119,5,16,5,19,5,18,14,Wijewo,Innotype
214,Veronique McFall,5,46,124,5,9,19,1,12,9,20,Jianshe,Skalith
215,Moritz Foreman,6,73,167,5,12,5,12,11,19,6,Paraipaba,Eadel
216,Lawton Rattry,7,97,170,5,13,14,22,17,8,22,Daulatpur,Thoughtblab
217,Darya Ligertwood,8,82,96,8,10,24,12,24,19,19,Mbumi,Quimm
218,Richy Worner,6,104,140,5,17,20,25,14,13,24,Besko,Demivee
219,Carolee Pawlata,7,85,89,6,12,0,10,12,17,4,Maloyaroslavets,Buzzdog
220,Zorah Fussey,7,82,153,6,11,23,5,8,10,0,Mohoro,Topiczoom
221,Dru Dayment,7,55,94,7,7,14,4,17,22,20,San Jose del Monte,Kamba
222,August Gittoes,8,129,112,5,16,5,14,14,8,6,Świętajno,Avavee
223,Harley Eloy,8,87,74,6,10,7,22,19,14,17,Plasy,Thoughtsphere
224,Helena Rickell,7,92,112,6,13,1,1,9,23,23,Santa Magdalena,Topiclounge
225,Nell Fitzmaurice,8,58,150,6,7,25,12,17,20,4,Cavadas,Voomm
226,Ulrika McEvon,7,59,68,7,8,6,17,19,5,3,Minji,Devpoint
227,Ossie O'Mullaney,8,120,113,6,,12,4,0,8,18,Shangtianba,Trudoo
228,Karna Boldecke,8,46,134,5,5,11,3,6,25,14,Uppsala,Pixope
229,Galvan Andryushchenko,8,103,110,5,12,19,19,6,0,14,Muzayri‘,Ainyx
230,Any Vallentin,7,89,148,5,,22,24,12,10,25,Faaa,Tazz
231,Waly Scoon,7,77,158,6,11,20,22,13,5,9,Miraflores,Topiclounge
232,Amber Egiloff,8,93,128,5,11,5,22,14,16,17,Tamansari,Leenti
233,Jamie Tointon,6,84,76,6,14,8,2,7,23,5,Tycheró,Jatri
234,Gilberte Yoakley,8,107,156,6,13,10,24,19,22,24,Senhor do Bonfim,Kazu
235,Melinda Domoney,8,90,168,5,11,2,19,13,11,24,Suyo,Jayo
236,Travis Showering,5,121,158,5,24,11,6,14,16,24,Lazaro Cardenas,Realbuzz
237,Mavra O'Hollegan,7,46,149,6,6,12,24,21,7,16,San Luis,Gabtune
238,Duffy Nicholson,7,111,147,5,15,12,3,14,24,7,Cangkeuteuk Sabrang,Tagcat
239,Parsifal Rossborough,7,69,68,5,9,21,6,20,5,19,Koubia,Fadeo
240,Alejandro Scardifeild,6,86,160,6,14,12,6,15,24,21,Smedjebacken,Skaboo
241,Wakefield Vaudin,6,127,73,6,21,22,25,8,2,11,Mbuji-Mayi,Browseblab
242,Traci Heinke,7,98,134,6,14,2,22,3,10,11,Khatanga,Divape
243,Nelly McShee,7,63,175,7,9,8,0,2,14,8,Guojia,Photobug
244,Nesta Bolderoe,8,98,134,6,12,10,13,4,10,2,Calaba,Divape
245,Magdalena Daveridge,6,108,81,5,18,16,6,16,22,12,Muarabadak,LiveZ
246,Myrlene Arnatt,6,141,84,6,23,0,19,24,21,20,Uchaly,Flipbug
247,Avis Cracknell,8,86,62,8,10,2,10,22,24,10,Saint-Augustin,Youspan
248,Barnabas Corck,8,125,66,8,15,24,6,5,9,24,Chuncheon,Rhycero
249,Angeline Mordan,6,106,117,6,17,16,10,5,25,13,Nezlobnaya,Yozio
250,Shea Sabattier,5,118,139,5,23,20,23,12,20,7,Gustavsberg,Jabberbean
251,Sidonnie Shadrach,6,144,118,6,24,16,0,8,22,14,Lantera,Linklinks
252,Selinda Toffalo,5,63,127,5,12,10,25,1,8,5,Tokorozawa,Yakidoo
253,Lorie List,5,68,113,5,13,1,22,0,10,10,Debre Mark’os,Realblab
254,Francine Aliberti,5,135,126,5,27,8,6,4,25,22,Ma‘bar,Riffpedia
255,Geneva Canada,8,132,137,8,16,20,25,14,7,3,Anyar,Eabox
256,Mort McEttigen,7,73,122,7,10,24,14,3,24,14,Oujiangcha,Zoovu
257,Alvinia Butterley,8,136,153,6,,12,1,24,17,9,Stryków,Photofeed
258,Ingmar Claybourne,5,99,91,5,19,25,5,5,20,24,San Benito,Innojam
259,Andromache Habbal,5,127,109,5,25,23,14,10,6,13,Bang Krathum,Babblestorm
260,Valencia Ruzicka,8,114,75,5,14,17,10,15,2,20,Nyandoma,Dynava
261,Cara Brabin,7,106,118,5,15,19,15,22,4,17,Paagahan,Wikivu
262,Corena Fendlen,7,74,147,6,10,2,6,8,6,0,Lubuk Sikaping,Twiyo
263,Tootsie Andrivel,5,111,120,5,22,18,2,4,5,4,Pariaman,Skinix
264,August Langridge,5,146,113,5,29,6,10,21,23,9,Diavatá,Voonder
265,Tine Rickard,6,88,78,6,14,14,8,16,19,25,Lac-Mégantic,Twitterworks
266,Jeni Clymer,7,75,180,6,10,5,17,10,16,25,Newark,Tazzy
267,Nestor Marshland,6,129,83,5,21,8,18,6,12,6,Shankeng,Buzzdog
268,Norton Ennew,6,47,178,6,7,17,14,13,6,16,Caxarias,Mydeo
269,Arte de Almeida,7,115,103,7,16,7,20,15,22,20,Nanshe,Yamia
270,Harrietta Genty,8,128,178,8,16,1,20,12,20,8,Göteborg,Tanoodle
271,Catarina Touzey,5,125,86,5,25,10,24,7,1,20,Nizhnyaya Tura,Quire
272,Tanny Lamborn,7,89,140,7,,25,8,22,3,7,Kebonsari Kidul,Browseblab
273,Ceciley McClenaghan,6,104,61,5,17,11,12,9,7,3,Jiangkou,Buzzster
274,Elisabet Barck,5,106,167,5,21,21,12,19,16,9,Soraya,Trudoo
275,Staffard Iannazzi,8,58,67,8,7,10,21,0,4,16,Zhangpu,Wikizz
276,Ivette Aitken,8,48,88,5,6,5,24,2,6,24,Eskilstuna,Twimm
277,Ivory Sayers,5,89,169,5,17,23,14,22,12,19,Buruanga,Skyble
278,Marcelia Carik,5,60,93,5,12,4,4,4,14,1,Fukuoka-shi,Wordpedia
279,Kingston Hadny,7,45,72,6,6,14,11,23,20,14,Buaran,Kwideo
280,Melonie Schops,5,79,82,5,15,7,20,5,17,17,Curvelo,Yodoo
281,Kaylyn Schrinel,5,114,150,5,22,5,11,1,17,1,Pankrushikha,Realbridge
282,Gratiana Roft,7,127,90,5,,1,1,12,2,11,Bojen Kulon,Leexo
283,Halley Greggs,7,133,169,6,19,2,16,25,0,13,San Rafael,Browsezoom
284,Uriah Gopsell,6,121,63,6,20,2,11,0,24,14,Heyan,Tavu
285,Susi Grewes,5,57,164,5,11,11,3,1,9,3,Natarleba,Vinder
286,Janeen Allsup,5,76,136,5,15,10,16,14,2,12,Lindavista,Avamm
287,Elijah Rzehor,7,78,116,5,11,25,7,4,11,17,Fangtian,Youopia
288,Lynnelle McTerrelly,6,71,122,5,11,22,22,11,7,14,Outokumpu,Realpoint
289,Cris Lipscombe,8,69,139,6,8,17,2,16,19,4,Troitskoye,Tambee
290,Lynnea Maeer,5,139,173,5,27,2,20,11,5,11,Sedayu,Bubbletube
291,Calypso Leacock,5,74,179,5,14,11,16,1,25,14,Beringovskiy,Livefish
292,Francis Gavan,6,71,64,5,11,4,2,11,22,8,Praingkareha,Tavu
293,Artemus Eldrid,6,114,99,5,19,14,0,20,20,7,Kutamandarakan,Zava
294,Rice Yeiles,7,140,122,5,20,9,21,13,25,1,Zaragoza,Linkbridge
295,Hilly Lemmanbie,7,71,121,6,10,23,10,22,14,4,Changshu City,Youtags
296,Bengt Matuszak,5,77,88,5,15,21,17,9,4,11,Gaoguan,Fivechat
297,Lucila Laver,5,104,172,5,20,20,19,19,22,15,Havre-Saint-Pierre,Edgewire
298,Celestyn Verner,5,92,149,5,18,10,14,3,21,19,Elimäki,Yodoo
299,Salmon MacCrossan,6,78,142,5,,5,13,18,25,12,Strängnäs,Feedbug
300,Colver Luttgert,6,126,83,6,21,4,6,15,0,24,Danja,Katz
301,Korry Ciubutaro,7,125,130,6,17,21,11,21,1,20,Shabqadar,Fatz
302,Bunnie Pietruszka,5,150,166,5,30,6,18,20,9,17,Zhiqing Songduo,Tambee
303,Pauly Speed,8,140,138,6,17,2,2,23,21,22,Balbalan,Jayo
304,Darrell Josham,6,95,162,6,15,7,12,21,16,5,Rasskazovo,Ntag
305,Coralie Jacobsz,8,122,100,5,15,20,18,21,12,16,Sukaraja,Layo
306,Gerome Bouchier,8,110,105,6,13,11,5,16,24,8,La Paz de Oriente,Topdrive
307,Winny Warlowe,6,120,170,5,20,11,6,21,9,7,Xinjia,Dynava
308,Gustie Gumley,5,133,114,5,26,21,23,5,23,3,Madjeouéni,Eabox
309,Byram Gurnett,8,44,136,8,5,16,25,17,5,9,Alto do Estanqueiro,Rhynyx
310,Andee Poulney,6,81,118,5,13,19,6,25,12,11,Krajan Puru,Skinix
311,Anita MacCroary,8,47,135,5,5,2,15,2,6,20,Kinatakutan,Flashset
312,Ameline Hardi,6,52,97,6,8,0,25,25,10,23,Kholbon,Photolist
313,Linzy Marlin,7,46,130,7,6,7,0,18,23,6,Suhong,Teklist
314,Chelsie Mulcahy,5,55,180,5,11,12,18,22,21,5,Wangba,Wikizz
315,Mick Mattiessen,8,120,78,8,15,14,8,15,6,18,Saint Louis,Youspan
316,Stace Jowett,5,100,159,5,20,16,1,15,10,10,Derviçian,Ntags
317,Freemon Catterick,7,136,73,7,19,13,13,18,22,0,Sugihwaras,Divavu
318,Aube Whyberd,5,59,68,5,11,21,3,0,15,5,Acton Vale,Mynte
319,Tally Grayshan,5,145,173,5,29,25,25,22,20,15,Ipueiras,Jamia
320,Stu Gavriel,5,149,135,5,29,1,7,25,2,5,Dallas,Twitterbridge
321,Bradford Egdal,8,101,127,8,12,1,18,4,13,18,Dinititi,Babblestorm
322,Jesse MacFarlan,5,65,73,5,13,23,7,20,2,20,Vaitogi,Quamba
323,Denny Wolton,6,78,71,6,13,9,3,1,18,15,Lukou,Eayo
324,Geoff Bedson,5,148,160,5,29,2,8,14,22,2,Komorní Lhotka,Skivee
325,Ellary Carvilla,7,45,96,5,6,1,20,7,10,7,Staronizhestebliyevskaya,Kwimbee
326,Adora Dumbrall,6,83,72,5,,22,24,21,4,4,Nishi-Tokyo-shi,Podcat
327,Tiffanie Kybird,8,100,113,6,12,19,13,1,14,18,Putre,Realbuzz
328,Daven Kleinber,8,112,82,5,14,3,2,0,23,17,Oranmore,Edgeify
329,Matelda Lamburne,6,113,138,5,18,2,18,20,20,10,Braga,Divavu
330,Paco Tuffey,5,52,130,5,10,2,5,25,10,11,Balally,Fivespan
331,Anthony Worsnop,5,120,120,5,24,0,21,21,5,0,Lahan Sai,Vimbo
332,Morty Clayworth,8,44,159,8,5,25,1,11,10,20,Ciemas,Riffpedia
333,Bryce Perell,6,83,170,5,13,3,8,11,1,4,Filipowice,Mymm
334,Daile Denisot,6,101,150,5,16,14,24,1,2,16,Dongtang,Topicstorm
335,Jess McDunlevy,5,141,138,5,28,13,7,25,6,0,San Pedro,Gabcube
336,Allys Benoy,6,122,110,5,20,8,0,5,18,1,Canggang,Livetube
337,Myrna Calam,8,103,70,6,12,25,14,18,3,9,Wiset Chaichan,Talane
338,Clarissa Hinchshaw,6,133,165,5,22,21,13,23,15,5,Yinglan,Jabbersphere
339,Tann Samuels,8,70,90,5,8,6,6,4,2,4,Airmadidi,Skyba
340,Tyrus Clissell,6,75,167,5,12,10,24,4,24,14,Kinango,Zoomlounge
341,Binky Dulwitch,5,83,93,5,16,24,21,3,25,16,Dnestrovsc,Zoomzone
342,Daryl Noods,8,79,81,5,9,25,24,15,13,24,Mernek,Youfeed
343,Herrick Harrad,6,51,172,6,8,23,16,8,9,0,Safonovo,Jabberstorm
344,Nikolaos Yakovliv,8,96,161,8,12,17,12,23,16,23,Vienne,Katz
345,Eleanor Keymar,6,107,163,6,,15,1,12,1,1,Bautista,Devcast
346,Darsie Croxall,6,120,152,5,20,2,5,4,5,12,Tobol,Skyba
347,Mollie McCabe,6,103,166,5,17,5,8,21,8,21,Na Khu,Topiczoom
348,Cathie Greensall,8,135,173,6,16,5,20,14,5,11,Uiasa,Blogspan
349,Monty Voules,6,135,136,6,22,22,3,6,7,4,Tembladera,Mynte
350,Simon Betje,7,83,154,5,11,17,20,23,17,0,Tierra y Libertad,Yakitri
351,Dalt Titcom,6,148,118,5,24,16,14,5,22,5,Remedios,Wikido
352,Alonso Ballston,5,104,120,5,20,10,10,12,17,11,Concordia,Blogtag
353,Bobbie Glasscoo,7,47,153,6,6,24,13,7,1,18,Liangdang Chengguanzhen,Flashspan
354,Culley Seddon,8,126,139,6,15,19,21,4,6,5,Göteborg,Jaxbean
355,Nicolas Gunny,6,126,165,6,21,25,14,1,4,20,Diaopu,Brainlounge
356,Quentin Angear,5,71,86,5,14,23,5,16,20,18,Cabra Figa,Quimm
357,Risa Keenor,5,139,143,5,27,12,4,7,2,22,Kolomyya,Mycat
358,Haywood Beteriss,8,50,62,7,6,0,20,8,7,18,San Luis,Brightbean
359,Leila Allnutt,7,46,166,5,6,6,13,4,5,8,Dalu,Fadeo
360,Babbie Manning,5,101,148,5,20,4,6,0,5,15,Périgueux,Skimia
361,Roanna Van Arsdall,7,59,175,6,8,15,12,12,25,5,Chaoyangdong,Voonder
362,Mortie Jorio,5,71,109,5,14,6,10,0,12,15,Cernik,Agivu
363,Lincoln Salvadori,7,122,143,6,17,1,21,4,11,20,Pailin,Bluejam
364,Delcine Bahl,7,69,168,5,9,8,10,7,3,20,Hongdu,Thoughtstorm
365,Barnebas Kesterton,6,102,163,5,17,25,13,13,1,9,Al Ḩawātah,Voonix
366,Catlin Spilsbury,5,121,147,5,24,25,21,22,22,19,Korobitsyno,Zoovu
367,Regan Bisgrove,7,135,92,7,19,18,4,22,11,18,Fenglin,Realfire
368,Garek Impey,5,149,103,5,29,24,0,8,21,3,San Isidro de Lules,Katz
369,Lucais Edgeller,6,128,138,6,21,21,5,4,23,16,Daohe,Browseblab
370,Claudio Corking,8,73,136,7,9,10,9,20,20,23,Dagestanskiye Ogni,Divavu
371,Nariko Tewelson,7,107,157,7,15,18,2,5,4,7,Korsze,Rhyloo
372,Tessi Wiltshire,8,103,104,7,12,25,9,15,10,11,Senanga,Zooveo
373,Vincent Smalley,8,81,151,8,10,13,24,8,13,8,Niigata-shi,Fatz
374,Jorry Pestell,5,133,73,5,26,1,12,4,15,19,Santa Elena de Uairén,Yakijo
375,Chester Willeson,6,45,60,6,7,1,23,9,23,19,Perstorp,Yabox
376,Ilyse Yelland,5,90,121,5,18,13,20,5,24,23,Doropayung,Eamia
377,Kit Morse,7,63,148,5,9,5,23,15,5,13,Kedungwringin,Linklinks
378,Nisse Moret,6,79,126,5,13,18,1,4,9,19,Staraya Derevnya,Kanoodle
379,Millisent Marryatt,7,50,81,5,7,19,10,6,21,4,Bełk,Oodoo
380,Ash Noad,6,96,143,6,16,15,12,9,24,11,Suleja,Dynazzy
381,Elmore Rops,8,97,70,5,12,5,9,7,12,15,Neepawa,Shufflebeat
382,Candie Hawarden,6,66,63,6,11,11,25,21,21,16,Nýdek,InnoZ
383,Laney Spoerl,7,91,79,5,,15,4,25,17,6,Allen,Brightdog
384,Brocky Attwood,7,145,124,7,20,10,7,14,17,19,Rejoso,Skivee
385,Eimile Brandin,5,122,129,5,24,2,16,1,11,4,Sumberkemuning,Trilith
386,Ahmad Larive,8,83,108,6,10,20,7,1,8,4,Matriz de Camaragibe,Meevee
387,Judye Brackenbury,6,64,66,6,10,21,14,18,12,3,Pongol,Skiba
388,Gino Carneck,6,104,93,6,17,21,5,23,20,2,Ōnojō,Thoughtstorm
389,Jose Kither,6,96,82,6,16,3,0,4,5,6,Brzeźnica,Thoughtsphere
390,Tommie Candlish,5,79,147,5,15,17,9,4,8,12,Bao’an,Twiyo
391,Findlay Begbie,8,141,98,5,17,7,14,18,9,11,Sundbyberg,Cogilith
392,Lucien Eberz,8,75,116,5,9,10,4,11,12,3,Kinatakutan,Talane
393,Armando Slaight,5,63,99,5,12,24,4,19,8,25,Dongxi,Tazzy
394,Jermayne Addison,6,55,104,5,9,2,1,10,22,21,Santa Marcela,Linkbuzz
395,Lyell Wyndham,7,146,123,5,20,24,1,23,4,9,Győr,Tazzy
396,Hermann Brandino,7,110,135,5,15,24,4,16,16,22,Thị Trấn Thuận Châu,Brainverse
397,Alec Newing,5,127,101,5,25,12,12,6,4,20,Coolock,Mybuzz
398,Rodd Bradforth,7,52,143,5,7,7,20,0,0,21,Rikitea,Mita
399,Shaine Halso,5,87,90,5,17,1,21,0,12,6,Oslo,Twinder
400,Bobette Say,7,98,103,5,14,17,5,12,19,13,Wuṯahpūr,Jamia
401,Drusy Piser,6,63,83,6,10,17,12,25,7,19,Tsaghkaber,Mydo
402,Janaya Nappin,7,106,174,7,15,25,9,25,19,20,Apače,Dabvine
403,Hernando Davidovic,6,117,61,5,19,22,24,23,12,10,Beidong,Leenti
404,Teresa Peeke-Vout,5,69,73,5,13,25,25,25,20,25,Sertolovo,Babbleopia
405,Jazmin Aughtie,8,139,91,5,,0,22,9,16,25,Cavaillon,Jaxworks
406,Rip Keinrat,7,65,138,7,9,11,11,2,2,4,Prosvet,Voonder
407,Johny Whimp,6,94,160,6,15,17,18,19,19,1,Piracaia,Realfire
408,Mahmoud Redan,6,57,73,6,9,6,23,21,8,0,Piraí do Sul,Realcube
409,Wittie Johnston,6,67,71,6,11,10,7,4,25,5,Bharatpur,Yotz
410,Starlin Clouter,8,99,172,5,12,8,5,4,21,18,Münster,Meetz
411,Lina Newe,5,101,147,5,20,21,20,15,14,11,Lincoln,Gigashots
412,Magdalene Ferres,8,87,178,5,10,12,25,11,22,17,San Fernando del Valle de Catamarca,Layo
413,Steffi Giacoppoli,8,141,176,8,17,19,0,6,5,14,Otacílio Costa,Chatterpoint
414,Sergent Whebell,5,63,142,5,12,4,13,25,15,0,Kungsbacka,Feednation
415,Thurstan Plak,7,82,77,5,11,21,16,16,2,3,Ad Dilam,Thoughtblab
416,Freida Morrott,5,63,118,5,12,13,19,25,15,24,Bogovarovo,Zoonder
417,Erika Brandone,7,88,72,6,12,19,6,17,7,24,Halat,Talane
418,Frederico Rohan,8,94,177,5,11,2,24,12,21,11,Káto Miliá,Rhyloo
419,Gunilla Audry,6,115,148,6,19,23,25,15,23,6,Loja,Zazio
420,Kayne Camilli,7,111,159,5,15,8,8,17,13,10,Diên Khánh,Ntag
421,Karna Bartolommeo,8,95,112,7,11,23,21,7,20,4,Ukata,Browsetype
422,Glynis Perceval,5,132,61,5,26,6,21,1,22,6,El Porvenir,Vinder
423,Pebrook Pavluk,5,102,87,5,20,24,10,21,24,20,Yueyang,Zoonoodle
424,Drona Merlin,5,118,152,5,23,2,12,3,1,1,Lishu,Eimbee
425,Kendal Bohike,8,76,168,8,9,2,2,14,2,13,Netishyn,Tagopia
426,Melita Giffin,7,103,61,5,14,1,2,2,4,4,Río Blanquito,Oyoyo
427,Lynett Miner,8,84,135,8,10,7,23,7,10,5,Altkirch,Bluezoom
428,Lila Korf,8,127,96,6,15,12,25,24,3,3,Krajan Bejagung,Pixoboo
429,Sheelah Berston,6,143,157,5,23,12,10,19,0,9,Houjie,Abata
430,Lonee Tousy,7,133,65,6,19,7,5,18,4,25,Gaoleshan,Kare
431,Daloris Heisler,6,75,105,5,12,6,22,0,10,8,Chiconi,Browsecat
432,Addison Blewmen,8,108,172,8,13,17,7,10,22,6,Buray,Voonte
433,Yasmin Emmanuele,5,106,110,5,21,14,5,4,6,6,Macapá,Skiba
434,Freeman Brooksbank,8,64,98,7,8,7,5,22,4,5,Bunut,Skyndu
435,Clive Peskin,6,80,156,5,13,10,22,19,23,1,São Mateus,Zoovu
436,Calley Muehle,7,120,127,5,17,1,23,6,11,6,Wuṯahpūr,Shufflebeat
437,Kevon Nayer,7,144,83,6,20,22,10,11,21,22,Vidin,Rooxo
438,Anabella Grimolbie,8,130,134,5,16,12,9,4,11,9,Ashiya,Jazzy
439,Rubi Sterke,5,107,122,5,21,21,17,15,0,7,Akouda,Brainlounge
440,Jammie Burrus,5,107,68,5,21,11,25,10,8,23,Uppsala,Plajo
441,Boigie Giacomasso,6,71,143,5,11,3,4,23,12,7,Benito Juarez,Jabbertype
442,Dyan Croshaw,5,134,156,5,26,7,13,7,14,16,Lamalewo,Meevee
443,Tallie Harrold,5,54,96,5,10,9,7,1,23,23,Weekombaka,Brainsphere
444,Tracie Loughead,5,99,131,5,19,13,16,17,16,25,Kiten,Wordware
445,Leena Westrip,6,119,120,5,19,12,16,24,17,22,Inongo,Voolia
446,Isidoro Denyagin,5,127,95,5,25,25,8,12,4,9,Heping,Pixonyx
447,My Dimberline,6,149,152,6,24,25,14,12,3,14,Livingstone,Dynazzy
448,Karyn Dowtry,6,89,113,5,14,15,18,9,1,7,Nakuru,Mycat
449,Rodney Hatherleigh,8,88,142,5,11,22,10,12,25,0,Guaraciaba do Norte,Flipstorm
450,Marabel Sweating,8,95,92,7,11,5,3,20,18,10,Carmen,Yotz
451,Neville Furniss,7,144,168,6,20,7,0,2,11,24,Quận Mười,Zoombeat
452,Cad Forker,5,73,62,5,14,4,16,11,2,12,Tsuen Wan,Kamba
453,Marney Vitte,8,101,146,8,12,5,8,18,1,16,Tororo,Yakijo
454,Fulton Lindbergh,5,136,147,5,27,4,16,18,7,17,Biograd na Moru,Yata
455,Timofei Decroix,7,89,167,5,12,17,13,6,18,1,Esmeralda,Voonix
456,Dani Docker,7,77,176,7,11,13,7,12,9,1,Bogandinskiy,Jaxspan
457,Marv Mudd,6,119,76,6,19,4,18,1,25,16,Aradac,Camimbo
458,Dare Spuner,6,89,80,5,14,5,19,15,23,17,Lutoryż,Topicshots
459,Rosanne Ticic,8,108,139,8,13,14,18,3,7,8,Wola Filipowska,Skippad
460,Rosalind Oldale,5,121,173,5,24,23,14,4,10,25,Kuznetsovs’k,Bubblebox
461,Glenine Stollenbecker,7,143,120,6,20,7,5,12,24,1,Parobé,Wikivu
462,Isa Dorie,5,72,94,5,14,17,11,6,4,25,Selenicë,Skinte
463,Chiquia Honeywood,8,92,111,8,11,5,6,20,19,3,Líbeznice,Demizz
464,Guenevere Brobak,6,70,70,5,11,16,16,23,8,22,Santo Amador,Skippad
465,Bert Befroy,8,62,60,8,7,21,18,23,8,21,Apeldoorn,Feedfire
466,Far Burgoin,7,109,86,6,15,18,5,3,18,7,San Agustin,Kazu
467,Abbie Nugent,7,62,102,6,8,23,0,15,23,6,Hongtang,Kazio
468,Pamelina Kempstone,6,142,167,6,23,4,17,19,10,1,Fort-de-France,Linkbuzz
469,Franzen Le Noir,8,54,161,7,6,11,23,23,22,18,Pigí,Gabspot
470,Karee Dobson,5,47,138,5,9,2,17,3,13,0,Huayucachi,Zoomcast
471,Innis Durrand,7,58,167,5,8,19,16,4,15,11,Qalaikhumb,Flashpoint
472,Blanche Dyter,6,117,171,6,19,17,24,6,19,22,Thị Trấn Nước Hai,Wordware
473,Darelle Habin,8,100,84,6,12,5,6,6,15,6,Santa Luzia,Flashdog
474,Hulda Marien,5,46,168,5,9,7,0,7,1,22,Wādī Raḩḩāl,Camimbo
475,Kipp Underdown,7,149,95,6,21,16,5,7,20,11,Farshūţ,Fivebridge
476,Wesley Lucks,6,144,107,5,24,22,21,25,9,25,Llorente,Devcast
477,Nealon Allner,5,150,72,5,30,13,6,11,6,24,Tartagal,Jazzy
478,Hurley Beddall,8,98,115,6,12,0,2,14,14,21,Qilong,Katz
479,Penny Mechell,5,109,159,5,21,2,4,12,13,5,Jicomé,Pixoboo
480,Cord Agar,7,111,144,7,15,23,0,25,24,12,Tucson,Browsebug
481,Mildrid Rockhill,5,101,71,5,20,8,16,11,22,6,Cotabato,Yodoo
482,Blanch Hedditch,8,69,147,6,8,13,15,12,10,8,Meicheng,Linktype
483,Hamish Cordobes,6,58,62,6,9,16,20,24,3,19,Onzaga,Realpoint
484,Terrell Ferrier,8,53,69,5,6,19,23,7,3,23,Pacet,Meembee
485,Andres Merrall,8,116,139,6,14,22,22,14,4,1,Dukuhturi,Oyoyo
486,Randolf Bockler,6,135,167,5,22,24,12,14,7,1,Goascorán,Tanoodle
487,Maximilien Heamus,7,98,166,5,14,9,15,14,10,15,Kadusirung Hilir,DabZ
488,Glendon Germain,5,58,91,5,11,22,22,25,24,23,Pingfeng,Voonyx
489,Lynette Paskell,8,76,170,7,,2,23,2,14,21,Prachatice,Oyope
490,Aldon Kochs,7,66,151,7,9,11,15,24,15,3,Seydi,Linkbridge
491,Keary Scougal,7,56,139,7,8,2,9,3,17,12,Shënmëri,Oodoo
492,Lonna Hazelton,8,86,153,5,10,16,7,10,25,20,Rimbo,Mybuzz
493,Tarrah Crigin,8,59,60,8,7,5,1,22,21,25,Hexi,Ntags
494,Rona Jobb,6,119,169,6,19,20,1,20,4,18,Almirante,Yadel
495,Davidde Jeavons,7,120,147,7,17,15,21,18,15,20,Laspezia,Mudo
496,Emogene Slatten,6,136,79,5,,21,18,5,16,20,Qumudi,Yotz
497,Quentin Malamore,8,128,157,5,16,16,7,4,3,8,San Juan del Cesar,Omba
498,Orlando Jakoub,7,99,120,5,14,0,11,22,17,2,Tocopilla,Linktype
499,Timmy Matveyev,6,49,161,5,8,20,13,15,19,18,Glagahdowo,Yodo
500,Manny Bette,6,144,178,5,24,8,5,9,24,6,Ulaan Khat,Edgeify
501,Tiffy Lamburn,7,97,153,6,13,25,1,21,21,1,Salamina,Vimbo
502,Massimo Manley,5,141,180,5,28,21,0,13,14,3,Rogóźno,Buzzbean
503,Giulietta O'Fielly,5,97,163,5,19,5,9,5,19,5,Samaipata,Photolist
504,Aile Tebbet,6,102,60,5,17,8,11,8,4,3,Libato,Oyoyo
505,Mel Janjic,6,131,69,6,21,6,25,13,17,13,Santo Niño,Layo
506,Ladonna Ludlom,8,147,89,7,18,14,22,16,8,5,Adjumani,Mymm
507,Rawley Cattach,6,114,135,6,19,10,1,14,12,7,Manukaka,Wikibox
508,Sadye Gaudon,5,50,108,5,10,20,19,16,23,17,Rybczewice,Fatz
509,Marcella Kluger,5,56,98,5,11,5,7,15,11,8,Zemun,Eidel
510,Mireille Bermingham,7,114,81,5,16,5,17,11,20,25,Longquan,Meedoo
511,Silvie Juzek,6,120,179,5,20,13,2,16,10,16,Aiximan,Innojam
512,Arvy Gerner,7,121,139,5,17,10,6,16,20,4,Priargunsk,Cogilith
513,Gerik Chancelier,7,67,160,6,9,14,12,18,3,2,Luena,Linkbuzz
514,Estella Busson,6,114,99,6,19,15,15,22,1,15,Shuiyuan,Skidoo
515,Emelita Moubray,5,51,138,5,10,2,19,1,25,11,Lyubokhna,Talane
516,Stillman Jeremaes,5,107,62,5,21,19,4,21,24,19,Mislak,Skidoo
517,Pennie Merida,8,85,161,8,10,7,8,1,7,15,Jacura,Avaveo
518,Waylen Skillington,5,114,71,5,22,18,4,19,14,25,Almere Haven,Flipopia
519,Diena Dudgeon,5,59,100,5,11,21,6,20,10,1,Sanjiao,Skinix
520,Natalya Fattorini,7,107,124,6,15,5,9,7,1,24,La Ensenada,Feedbug
521,Daloris Rollin,8,97,114,7,12,14,16,14,14,9,Jīsh,Myworks
522,Portia Knowlman,5,53,103,5,10,11,13,23,13,13,Wright,Babbleblab
523,Luci Pashen,6,76,170,6,12,3,13,10,5,14,Amieirinha,Zooveo
524,Kelby Sheldrake,5,78,111,5,15,4,18,24,17,17,Roshal’,Eidel
525,Natassia Sterzaker,6,99,110,5,16,1,6,10,19,2,Ādilpur,Jabbercube
526,Marian Milby,8,123,134,7,15,6,1,17,14,5,Sidem,Browseblab
527,Bernadette Wintle,6,56,78,6,9,10,18,17,14,15,Mīr Bachah Kōṯ,Browsedrive
528,Fonzie Schrader,7,66,154,5,9,11,12,13,0,6,Vostryakovo,Realblab
529,Minta Letts,5,101,159,5,20,24,3,1,8,15,Sevilla,Ntag
530,Esther Strank,5,70,116,5,14,13,9,13,3,13,Huata,Wordpedia
531,Michaella Joye,6,89,130,5,14,2,12,1,13,10,Strassen,Trilith
532,Rowena Omond,8,51,180,8,6,19,25,8,0,24,Baiquan,Twitterlist
533,Corbin Nurcombe,5,148,140,5,29,22,9,15,15,12,Maroanging,Zoomlounge
534,Delphine Tebbitt,7,82,163,6,11,19,5,7,23,8,Xarrë,Jatri
535,Cacilie Durie,5,93,143,5,18,1,5,20,4,13,Fangfan,Quimm
536,Estella Erangey,5,146,170,5,29,19,6,7,13,11,Sathon,Yakidoo
537,Edgardo Smurfit,8,65,95,6,8,13,8,7,21,18,Główczyce,Meedoo
538,Hillard Pace,5,123,151,5,24,1,10,14,2,10,Nikolayevsk,Voolith
539,Elga Phythian,5,135,77,5,27,24,3,10,19,13,Larvik,Tagtune
540,Flin O'Shiels,8,127,75,6,15,16,11,17,16,21,Maswarah,Riffpath
541,Ardene Lanney,8,136,115,5,17,12,15,1,10,15,Walnut Grove,Quire
542,Ronnie Ropkins,5,105,124,5,21,3,17,25,1,6,Huilong,Oyoba
543,Jeannie Buckmaster,5,104,141,5,20,21,25,17,4,5,Loudi,Digitube
544,Elisha Tipens,6,46,149,5,7,25,24,8,17,17,Alfortville,Devify
545,Rocky McWhan,6,149,65,5,24,8,1,19,0,25,San Rafael,Dabtype
546,Babbette Cunney,5,58,144,5,11,1,18,11,15,7,Heshang,Flipstorm
547,Dora Groucock,5,51,149,5,10,16,14,15,2,10,Makiyivka,Riffpedia
548,Zackariah Dwelly,5,60,168,5,12,2,9,18,0,22,Salitral,Zoovu
549,Chrysler Sawforde,5,67,92,5,13,25,17,15,5,5,Krasnapollye,Voolia
550,Sisely Frances,5,141,91,5,28,14,6,17,12,3,Richmond,Dynazzy
551,Boonie Rounce,5,111,132,5,22,25,2,17,5,1,Bangonay,Skibox
552,Grover Cuerda,8,66,131,6,8,6,19,7,3,5,Kohlu,Meeveo
553,Benjie Buessen,7,100,86,6,14,14,24,19,21,9,Longzhouwan,Skynoodle
554,Jacquelyn Salters,8,91,177,7,11,4,20,10,8,8,Shinjō,Trudeo
555,Gunner Gallaher,8,106,74,8,13,6,0,1,20,16,Utara,Mudo
556,Kendall Hilldrop,7,59,180,6,8,23,19,20,2,18,Hankasalmi,Latz
557,Dun April,8,104,120,5,13,20,11,4,13,9,Didian,Browsebug
558,Nappie Clubb,7,113,97,7,16,11,15,1,0,7,Ljubešćica,Fivebridge
559,Emilio Lovekin,6,91,113,5,15,9,20,17,11,7,Baraçais,Voomm
560,Grissel McCaighey,5,77,128,5,15,7,22,25,12,19,Buriram,Eadel
561,Jsandye Cason,5,69,76,5,13,16,25,15,17,0,Ath,Cogidoo
562,Karlen Liebrecht,5,106,180,5,21,24,7,24,2,14,Yunxian Chengguanzhen,Twiyo
563,Margery Hollidge,8,104,175,7,13,25,21,22,4,8,Lubango,Riffwire
564,Frankie Dani,6,88,90,6,14,18,9,18,21,10,Dasiping,Vinder
565,Alwyn Piwell,8,107,161,8,13,15,14,8,10,17,Dembéni,Riffpath
566,Katuscha Tinsey,6,50,116,5,8,15,5,5,3,3,Manutapen,Rooxo
567,Lyle Jeenes,8,91,174,6,11,16,19,16,3,23,Boca do Acre,Zoomlounge
568,Julius Wistance,7,86,103,5,12,22,11,4,1,24,Wilamowice,Eadel
569,Katharina Dearan,5,134,157,5,26,22,19,25,4,15,Zborovice,Oyondu
570,Chrissie Cadman,6,99,167,5,16,11,6,16,4,8,Hŭngju-dong,Izio
571,Sigismund Fontelles,6,125,167,6,20,7,10,9,12,6,Ponyri Vtoryye,Mita
572,Shane Towell,8,89,79,6,11,7,7,22,5,23,Rojas,Wikibox
573,Fair Pettendrich,8,92,153,8,11,17,1,7,1,9,Nabari,Jetpulse
574,Ellene holmes,7,52,110,7,7,11,18,5,3,17,Maopingchang,Flashpoint
575,Chick Mettericke,7,46,171,5,6,19,23,22,6,1,Xiakouyi,Pixope
576,Domingo Tonepohl,8,103,172,5,12,25,19,0,9,24,Schiltigheim,Dynava
577,Frannie von Hagt,5,116,69,5,23,25,11,13,5,19,Vạn Giã,Browsecat
578,Ian Maynard,5,90,143,5,18,18,0,21,25,18,Tiechang,Cogilith
579,Henrietta Kalinke,7,47,169,7,6,15,12,20,16,3,Soras,Ainyx
580,Richmond Afonso,5,95,97,5,19,19,1,16,19,16,Cagdianao,Divavu
581,Aurthur MacSkeagan,5,100,104,5,20,3,22,2,25,9,Xiping,Jayo
582,Deina Morgue,7,91,76,5,13,1,19,11,22,9,Lancaster,Tanoodle
583,Elyn Worsom,5,104,136,5,20,17,21,16,18,7,Oporapa,Dynabox
584,Maribelle Arnoult,6,122,90,5,20,25,10,1,19,17,Manzanillo,Voonyx
585,Dillon Shermar,6,67,146,5,11,14,14,16,17,23,Lebyazh’ye,Einti
586,Morgen Bonson,7,136,107,5,19,2,20,20,4,8,Reguenga,Minyx
587,Fletch Minger,6,140,154,6,23,7,21,8,7,3,Bueng Kan,Chatterbridge
588,Foster Darrel,6,145,97,5,24,22,21,23,19,7,Niny,Thoughtbeat
589,Thomas Broader,7,49,73,5,7,5,14,21,18,10,Leskovac,Riffpath
590,Blythe Wixey,7,122,168,7,,21,21,22,0,15,Esteio,Jabbersphere
591,Flemming Offield,8,133,70,7,16,10,23,1,1,2,Triwil,Quimm
592,Martynne Lanon,7,143,165,6,20,15,11,1,13,8,Jiujiang,Rhynoodle
593,Randy Esterbrook,6,129,126,6,21,15,8,14,5,11,Tylicz,Mybuzz
594,Nady Mavin,5,58,162,5,11,24,23,16,0,4,Makilala,Innojam
595,Vivi Bogges,6,150,85,6,25,2,10,18,5,3,Baocun,Zoomdog
596,Ellene Vickars,5,74,69,5,14,15,7,25,13,24,Longquan,Gabvine
597,Zared Ciobutaro,7,46,154,7,6,13,2,0,11,4,Esplanada,Layo
598,Iorgo McGrale,7,119,148,7,17,24,4,0,11,10,Sampaio,Cogibox
599,Hazlett Brydson,6,95,123,5,15,2,19,1,13,0,Zalewo,Wikizz
600,Doralynn Richardin,5,96,92,5,19,16,12,5,5,16,Paraíso,Mymm
