Name,Batting Position,Runs,Balls,Fours,Sixes,Out
Antin McIlheran,7,103,68,10,3,0
Gretchen Casson,10,84,32,3,4,0
Quinlan Iglesias,3,67,30,4,1,1
Fanchette Vasyutichev,7,53,37,5,2,0
Lanae Fawthorpe,10,91,27,8,4,0
Sancho Fiddy,7,32,63,9,4,0
Emmeline Narramore,8,105,74,9,2,0
Dinny Ludlow,5,74,43,5,1,1
Aldis Casbolt,9,16,32,10,2,0
Hashim Deeman,11,98,31,8,4,0
Theo Heyburn,10,62,63,6,6,1
Dino Itskovitz,6,9,43,9,6,0
Jehu Kilshall,5,6,58,2,2,1
Beilul Trenouth,11,65,62,6,6,0
Rayna Teaser,1,82,66,8,2,0
Hayes Eplett,2,35,63,8,4,0
Tucky Faughey,3,97,64,3,4,1
Iago Cuss,4,50,73,3,2,1
Guthrey McNicol,2,92,47,4,4,0
Lyndsie Lovett,11,97,52,4,5,1
Evania McCullum,3,47,38,6,5,0
Bennie Wisam,11,96,64,10,3,0
Lay Rosterne,5,60,55,4,1,1
Hazel McAlpine,8,39,34,5,4,1
Karil Joderli,3,37,70,8,4,1
Konstance Bavester,11,99,51,1,5,1
Faustina Binford,11,69,25,3,4,0
Gilligan Moors,4,9,40,3,3,1
Rog Mees,10,79,39,9,4,0
Zeb Bamforth,4,18,38,8,3,1
Birgitta Greenroa,3,6,29,5,4,0
Gene Agglio,5,58,28,2,5,1
Rip Godier,5,30,52,1,2,0
Reina Lorentz,6,66,68,6,2,0
Charmain Novelli,1,22,44,9,1,0
Rhona Lavalde,10,10,64,3,1,0
Murielle Collibear,7,104,53,8,3,0
Mandy Ianittello,3,19,60,9,2,1
Georgeanna Fitzsymon,1,3,73,10,5,1
Lorraine Coslett,6,58,40,8,2,0
Deana Cullinan,1,23,70,2,6,1
Isidora O'Codihie,2,58,30,3,5,1
Edvard Capun,7,31,52,5,6,1
Wilbert Kuschek,6,32,62,1,5,0
Gibby Pietroni,10,77,45,3,5,1
Bryn Judge,1,80,68,7,2,0
Toby Burford,10,104,26,8,2,1
Pearline Crowcher,10,62,49,3,2,1
Tildi Judgkins,5,57,52,6,1,1
Nevin Klugel,7,40,29,8,1,0
Alford Donovin,4,71,52,6,3,1
Halie Minshull,8,33,50,9,1,1
Nonnah Crudgington,1,51,70,5,1,1
Montgomery Whitton,2,1,31,8,3,1
Elnar Faye,11,7,41,1,1,1
Fayre Clemenza,8,32,31,4,4,0
Trace Watmough,3,75,72,10,2,0
Marti Ovenden,5,40,68,1,6,0
Lanae Stollenbeck,9,28,60,3,3,1
Cinderella Peinton,8,99,46,10,1,1
Jase Glen,10,83,57,1,4,1
Karl McClymond,9,36,72,1,6,1
Devora Widdowson,4,37,65,1,2,1
Lombard Cowill,9,52,41,3,5,0
Camilla Vaen,1,66,32,3,3,0
Damien Marklew,7,45,46,10,1,0
Matthieu Grimwade,1,95,67,7,2,1
Walther Bruhn,11,91,48,8,5,0
Roch Harling,9,44,50,1,4,1
Neysa Timblett,10,80,62,2,3,1
Eryn McCowan,8,96,26,7,6,0
Russell Pagnin,6,36,68,3,5,0
Tierney Veel,5,9,31,7,3,1
Reynolds Kolakovic,9,10,72,9,3,1
Maggi Spurett,1,52,29,1,5,1
Norry Street,6,94,69,1,6,1
Phylys Farquhar,4,34,63,4,2,1
Lissie Broderick,3,24,40,5,1,1
Pepita Mein,11,19,74,3,2,0
Edik Tipling,1,100,73,10,2,0
Ester Postlethwaite,1,91,69,9,1,0
Cass Brinkler,1,67,57,6,3,1
Berty Bovey,9,67,66,5,3,0
Bayard Bottlestone,9,69,73,6,6,1
Marci Ropartz,5,93,70,9,4,1
Sabina Allsepp,7,87,40,4,3,1
Karmen Laste,6,100,33,8,4,0
Sascha Kibblewhite,4,2,29,10,4,1
Rosalind Dinis,6,64,66,6,6,0
Lutero McBeath,2,80,52,9,5,1
Frazier Weinmann,10,63,69,8,6,1
Roanna Fraanchyonok,11,53,50,5,2,0
Marge Foyle,9,75,71,6,6,1
Claudie Camilli,8,74,60,4,2,0
Gregor Ferrarello,2,83,40,3,1,0
Paco Duck,10,101,64,4,6,1
Adriano Galle,5,6,64,6,6,1
Inessa Ivimey,2,18,71,9,6,1
Archibaldo Hedylstone,3,1,34,4,3,0
Garrott Fergyson,6,4,27,3,5,0
Marianna Pineaux,3,37,34,9,6,0
Sky Grishin,3,36,52,8,5,0
Andree Peacock,2,89,53,7,3,0
Zaria Attride,11,43,57,2,6,1
Cordelia Patullo,10,20,49,5,1,1
Valenka Cleife,8,54,55,7,1,1
Bunny Sprake,2,54,68,1,2,0
Sebastien Kempshall,6,40,49,7,2,0
Jeremias Munkley,6,27,51,6,3,1
Germana Costelloe,8,105,61,9,3,1
Blondelle Mayte,6,87,45,4,4,0
Dido Diss,3,30,57,6,4,1
Engelbert Gallemore,6,76,63,5,3,0
Yasmin Manford,8,55,60,9,3,0
Alyssa Gerdts,2,77,42,1,2,0
Ethelred Vennart,10,91,44,3,4,1
Susanna Ismay,3,74,72,4,5,0
Farleigh Raistrick,6,42,35,8,2,0
Alli Coo,11,99,56,3,6,0
Page Chastney,11,89,33,4,5,1
Ros Kaman,8,36,51,10,1,1
Ginni Cottell,11,11,48,3,1,1
Giffy Blagbrough,11,28,36,9,5,1
Denny Austins,9,21,69,7,5,1
Riordan Davidof,1,102,65,10,1,0
Cathlene Baysting,2,55,27,1,1,0
Efren Gander,4,2,27,7,4,0
Brigid Tulleth,11,95,33,3,5,0
Paddie Baine,3,37,46,3,4,1
Ethelda Woodrough,2,91,42,6,5,1
Ula Sausman,8,47,40,7,6,0
Denys July,2,12,42,5,5,0
Regen Bezemer,1,103,45,9,6,1
Clair Monro,11,46,30,8,5,1
Prince Salasar,4,82,57,9,5,1
Duke Koppes,9,10,31,6,3,0
Agustin Wulfinger,11,28,58,1,1,1
Beverley Gilman,8,17,49,2,3,1
Coletta Claridge,4,48,64,1,2,0
Gracie McAuslan,5,21,28,10,2,1
Fairfax Nipper,3,34,40,10,6,0
Rachelle Heale,10,103,38,7,4,1
Raynard Dowzell,2,56,62,9,5,1
Yalonda D'Agostini,3,1,55,3,1,1
Zsa zsa Embury,5,83,50,6,2,0
Sigismund Spruce,6,2,53,9,3,1
Octavius Pollicott,7,28,74,9,2,1
Rozamond Becke,8,47,42,9,5,0
Anica Ziemen,4,30,69,6,2,0
Jany Jorden,7,63,43,5,6,0
Raimund Sullens,7,65,35,6,1,0
Simon Barsham,4,25,65,4,2,1
Corie Antosch,2,84,51,9,3,1
Carny Bernhart,2,13,39,2,5,0
Egbert McTeggart,9,29,69,5,6,0
Kanya Maclean,10,74,59,9,6,0
Leopold Baynom,1,93,58,8,4,1
Kaile Jery,7,94,46,2,3,1
Franny Scase,9,15,32,10,1,0
Deck Huison,11,47,37,7,1,0
Lennie Dufour,6,98,46,9,2,0
Stearn Doughty,1,79,74,9,2,1
Lettie Kearford,5,38,60,5,6,0
Bruce Harmeston,6,91,65,6,6,1
Aylmer Sinncock,6,30,68,6,1,1
Tim Davies,8,65,61,7,3,0
Kiele Edrich,11,51,67,8,2,1
Desmond Ventris,7,88,58,4,2,1
Sandy Revie,4,74,70,5,6,1
Janos Bruneton,10,2,44,4,4,0
Goldi Lebang,4,74,73,4,5,0
Bar Trineman,1,81,69,5,5,0
Kin Ecclesall,7,78,74,2,6,0
Stacee Manning,6,36,47,10,2,1
Anna-diana Dainter,8,105,64,8,3,1
Maighdiln Wakenshaw,9,15,39,2,5,1
Tadd Paffett,7,93,49,10,1,0
Joell Ratlee,4,72,42,3,3,0
Greer Pendlenton,4,39,46,10,3,0
Suzanna Stroulger,7,6,35,4,4,0
Cory Stirtle,4,62,25,8,5,0
Gideon Vercruysse,10,11,63,10,5,1
Erina Teanby,2,41,57,4,3,1
Cecilius Stiffkins,5,105,44,4,2,0
Lelia Sturman,6,21,45,7,2,0
Cassandre MacCaughan,7,6,42,3,3,0
Isabeau Dugget,6,82,57,3,4,1
Kerrin Gyles,11,43,60,10,1,1
Fairleigh Mateescu,6,77,47,8,6,1
Jerri Beasley,4,23,69,5,5,1
Tori Wigmore,1,64,65,7,1,0
Brander Orris,1,9,41,4,6,0
Fabe Mercik,8,63,32,1,6,0
Aguistin Egle of Germany,10,68,45,10,4,1
Towny Totton,8,40,57,3,3,1
Jerri Olenichev,11,20,28,4,5,1
Becky Kirwan,8,16,40,10,6,0
Konstantin Mullin,6,56,63,8,6,1
Lin Trundler,11,72,53,6,6,1
Sena MacTerlagh,8,81,58,1,5,1
Rog Gilliver,10,88,50,1,2,0
Rheta Benford,8,80,70,3,2,1
Lilith Scawton,4,92,37,8,1,1
Gaylord Radki,11,34,49,6,1,0
Bili Leamy,1,28,48,10,2,0
Carita Sonner,9,6,39,4,6,0
Portia De Courtney,10,40,68,3,4,1
Arabelle Shilling,5,91,30,4,5,0
Archy Pepperell,1,7,26,9,3,1
Keefe Gillbey,6,101,51,5,2,1
Ganny McAviy,10,51,45,2,5,0
Burch Perrot,8,45,61,8,6,1
Giff Trunby,5,24,67,5,1,0
Heather Barrus,5,81,64,8,6,0
Felice MacCroary,5,9,52,3,3,1
Aryn Bussy,9,17,25,1,5,0
Fredra Brenston,5,79,45,8,5,0
Ezechiel Crannach,2,35,59,9,2,1
Celle Godden,11,95,41,10,6,1
Allegra Waldren,6,30,38,7,5,0
Jerrine Goldthorp,11,102,38,5,6,0
Clementine Matczak,5,102,69,4,1,1
Stewart Guppie,3,7,53,2,2,0
Jorie Sturm,11,84,57,7,2,1
Zitella Brandsma,8,34,68,9,4,0
Selig Warters,3,19,33,9,4,0
Maurene Piotrkowski,11,91,72,7,3,0
Schuyler Tyrwhitt,7,7,26,5,5,0
Josephine Strettle,3,7,66,1,2,1
Gabi Panting,5,54,53,2,3,0
Mikol Trunby,7,30,55,4,5,1
Ashely Teasey,3,104,45,6,4,0
Shay Cardinale,9,90,57,8,4,0
Rozamond Eslinger,5,32,29,8,3,0
Olag Goodby,3,56,30,4,5,1
Willie Ranscombe,4,59,58,10,2,0
Florenza Woodham,6,73,34,6,3,0
Jill Oliveras,7,55,68,4,5,0
Hughie Dogerty,2,87,29,5,2,1
Claudine Dunk,2,90,38,2,2,1
Creigh Sangwin,8,3,64,1,1,0
Kenneth Janaway,8,44,52,1,1,1
Junette Lowings,8,102,48,9,5,1
Reeba Chesman,1,95,63,2,6,1
Gaultiero Madders,7,14,45,2,1,0
Charlotte Izakovitz,2,61,51,9,4,0
Sashenka Bannell,2,83,51,7,5,0
Nerty Marmyon,1,72,72,1,5,0
Lorne Stubbley,8,76,39,6,2,1
Itch Milella,4,25,43,6,3,1
Amble Treece,6,71,69,4,1,0
Deirdre Reace,5,17,60,8,5,0
Somerset Baudon,8,75,64,7,1,0
Malvin Goater,2,67,53,5,3,1
Luella Downie,11,43,66,10,3,0
Neely Arckoll,9,30,40,3,6,0
Dyane Cavey,5,55,28,7,3,0
Marley Neeves,8,94,43,7,5,1
Vikki Kirsz,8,39,70,9,3,0
Steffane Earie,8,8,47,9,1,1
Malachi Ousley,10,43,41,3,3,1
Lynnelle Trippack,5,30,45,6,5,1
Marrissa Gain,4,87,41,5,6,1
Essie Tellwright,9,75,31,10,5,1
Emmaline Mouncher,8,23,54,10,3,1
Merralee Hincham,10,104,29,8,4,1
Dorella Dongall,4,64,36,7,6,1
Valentina Dyott,11,62,50,5,1,1
Caldwell Langdridge,4,62,41,3,6,0
Glenden Caruth,9,44,53,9,5,1
Celine Zanutti,4,16,56,6,2,1
Ingrim Collier,9,96,61,4,6,1
Shirlee Brinsford,6,66,65,1,4,1
Bessie Filde,1,30,62,7,3,1
Gerianna Mayes,8,22,47,5,1,0
Boyce Delves,5,70,59,5,5,1
Jo Broadfield,10,3,31,3,3,1
Heath Colleck,2,91,73,10,1,0
Nathanial Castagneto,10,66,50,10,5,1
Haydon D'Adda,9,104,60,7,6,0
Lorie Harmond,11,38,66,3,3,0
Karin Ormond,11,43,28,7,3,1
Electra Barmby,7,26,25,6,1,1
Bibbie Conradsen,5,34,61,3,2,1
Barbabra Morteo,8,6,43,7,4,0
Alice Assante,7,23,73,2,5,1
Dewey Brundell,6,6,62,10,1,0
Winny Simonutti,11,94,28,2,6,1
Nicky Giraldo,11,94,65,2,4,1
Linette Heilds,9,103,70,3,3,1
Beauregard Samet,6,99,55,2,2,1
Raquela Blasdale,7,41,26,6,1,0
Corinna Lescop,7,79,30,1,5,1
Maure Twell,1,42,28,10,1,0
Locke Wilbud,5,55,51,8,1,0
Shirlee Mattiuzzi,10,25,57,1,1,0
Reggis Nolton,6,30,38,3,6,1
Robin Dongall,8,18,28,5,5,1
Odell Attard,11,29,73,5,4,1
Mella Longhorne,7,73,50,5,2,1
Michell Brahmer,4,49,59,5,1,0
Birgit Musker,10,85,25,1,6,0
Laurice Bence,4,25,72,7,5,0
Sancho Swinfen,9,43,50,4,4,0
Cybil Koppeck,11,7,66,3,4,1
Birgitta Mogey,8,48,59,6,3,1
Kilian Cund,5,87,65,4,4,0
Brice Gethyn,10,104,56,2,1,1
Reggi Springtorpe,10,67,69,8,2,0
Lyon Doig,9,16,71,7,4,0
Lilllie Rapin,8,61,40,4,5,0
Truman Bryde,11,81,49,9,4,0
Stearn Vynehall,10,61,64,10,2,0
Alexander Baynon,1,93,45,5,6,0
Suzi Brelsford,3,22,30,3,2,1
Bernice Di Giacomettino,3,91,58,4,3,0
Bernard Crystal,11,102,68,3,5,1
Julita Anyene,9,77,28,1,2,1
Nerta Eyeington,9,4,44,1,3,0
Jdavie Lavalle,6,57,57,1,6,1
Ariana Leggs,9,17,64,4,1,1
Joel Christmas,4,13,62,9,6,0
Clay Burch,4,51,29,7,2,0
Lara Hatry,9,100,63,2,6,0
Morse Flukes,3,32,27,5,3,0
Somerset Lindgren,8,27,27,3,3,1
Kimberli Hryskiewicz,4,61,31,8,5,1
Rosabel Shayler,8,26,32,2,6,0
Dynah Self,9,22,49,1,4,0
Iolande Caldayrou,1,99,72,9,2,0
Sigfried Postians,8,36,58,5,4,1
Lula Petraitis,7,53,36,10,1,1
Genni Glassborow,1,91,38,6,2,0
Yard Duham,6,83,39,8,1,1
Xavier Cowburn,10,69,35,4,4,0
Huntington Brightie,5,48,31,8,3,0
Christel Udey,11,69,72,7,4,1
Kristen Larimer,4,65,41,1,5,1
Erda Tambling,3,17,47,4,2,1
Boycey Joska,4,60,68,4,1,1
Sully Queripel,8,44,57,5,4,1
Benedetta Larcombe,4,7,60,7,3,1
Waylon Litchmore,7,59,73,4,5,0
Patsy MacBrearty,9,19,58,4,5,0
Viola Molen,7,31,46,1,4,0
Guthry Juliff,2,19,60,1,3,0
Napoleon Glader,2,37,50,3,5,1
Chuck Pharo,11,13,61,6,6,1
Eleanor Litton,6,68,62,4,4,0
Irene Kitteman,10,7,27,10,1,1
Papageno Sheather,5,49,54,1,4,1
Orton Washbrook,5,76,48,10,3,0
Hermann Coucher,4,35,63,5,4,1
Thorvald Drewell,7,67,62,9,2,0
Nelia McAulay,4,25,35,8,4,0
Gun Sellen,1,91,59,1,6,1
Galen Westpfel,8,5,32,9,1,0
Kyle Adamczewski,3,46,37,6,4,0
Jonathon Rasher,8,100,62,9,4,1
Patrizio Cockshut,11,101,72,3,4,0
Indira Gronou,10,3,67,2,3,0
Loy Manueli,2,9,38,1,5,1
Kaila Setterthwait,4,47,44,2,3,0
Zara Veall,8,91,63,2,6,0
Almeria Petroff,2,86,26,9,2,1
Artus Fender,4,78,56,3,4,1
Jemmy Sharples,8,24,65,3,5,0
Raviv Nunson,1,78,27,5,5,1
Rem Phettiplace,11,47,28,4,6,0
Coral Effaunt,1,40,39,4,3,1
Nissy Giurio,5,61,50,8,2,0
Flory MacKibbon,1,21,50,6,6,0
Liz Willingham,7,83,40,2,2,0
Ned Boggers,7,21,61,3,6,0
Thornton Addie,6,98,36,2,4,0
Annabal Reedman,9,92,46,2,6,0
Shantee Ceschini,1,34,58,4,6,1
Jordain Solomon,3,17,42,4,3,0
Marlee Tesh,5,33,53,5,6,1
Alexandros Derrick,10,2,71,5,2,0
Gisele Haward,9,48,67,2,4,0
Trudi Garrie,11,19,62,2,6,1
Shepperd Sparshutt,7,27,59,9,1,0
Lurline Lapthorne,1,73,73,6,5,1
Vallie Hallewell,2,76,50,4,4,1
Talyah Kelleher,3,45,36,2,6,1
Timofei Melsome,1,40,61,9,1,1
Aylmer Reidie,7,28,50,3,1,1
Meredith Hourican,3,98,57,8,3,1
Ernst Downse,1,92,42,8,3,1
Dyanne Lamberts,9,75,59,5,4,0
Tildie Dogg,1,40,69,3,6,0
Immanuel Belli,9,69,52,2,6,0
Wittie Withnall,11,54,28,5,6,0
Giorgio Wyse,1,14,30,4,5,1
Erskine Shrimpling,2,63,56,4,4,1
Zack Musson,4,73,53,1,2,1
Mickie Watmough,5,15,73,10,4,1
Margarette Grewe,9,25,49,8,3,1
Marj Farmer,4,102,69,8,1,0
Judah Huggen,2,101,30,4,3,0
Palm Beddard,5,7,47,2,6,0
Nola Ginty,4,9,41,8,4,1
Torey Montel,3,44,69,4,6,0
Dwight Alibone,6,9,54,3,1,0
Kate McClymont,6,97,58,3,1,1
Dian Carlsen,4,7,54,7,6,0
Jessalyn Timson,3,61,57,6,5,1
Lamar Groven,3,70,40,3,3,0
Dilan Orring,5,33,56,3,4,1
Lyell Delacourt,5,99,34,3,3,0
Ginevra Goodee,7,24,36,10,3,0
Fidelity Abilowitz,5,105,37,2,2,1
Yuma Adamsson,7,34,57,1,6,1
Levon Philipard,10,42,34,7,4,1
Bent Van Arsdall,2,97,27,10,1,0
Newton Aslett,7,104,34,4,5,0
Fraser Bengough,6,18,58,3,1,1
Berny Meneur,7,15,58,8,3,1
Dorian Crysell,10,67,39,6,6,1
Pascale Fey,10,94,47,2,6,1
Ambrosio Gotcliff,8,68,41,4,6,1
Orion Lynock,8,61,68,3,1,0
Judith Winthrop,9,61,25,2,5,1
Patience Purkiss,7,81,33,6,1,0
Moshe Gutowski,3,88,68,6,2,1
Livvie Argue,2,34,44,9,1,0
Brita Brockley,6,83,57,3,1,0
Anestassia Ferron,9,57,65,5,1,1
Alfreda Irvine,8,99,53,10,6,0
Hermon Patrie,6,4,34,5,5,1
Tamera Diboll,10,51,50,3,1,0
Davida Jaffra,8,21,54,1,4,0
Chad Tew,9,75,54,3,2,0
Thom Cleaton,6,92,64,1,6,0
Forrest Brooke,4,7,38,8,1,0
Herculie Louthe,9,100,60,9,5,0
Chrysler Geindre,6,20,31,9,2,1
Verena Jore,9,14,31,2,2,0
Roselin Hehir,3,14,70,3,1,0
Phylys Fraczek,6,72,49,5,1,1
Gae Hardesty,8,36,58,10,1,1
Aloise Middlehurst,11,71,29,1,3,1
Issy Salatino,7,90,52,5,6,0
Ailene Secret,9,89,56,9,2,1
Abigael Kisby,2,28,32,2,6,0
Maurizia Feenan,4,67,39,4,6,0
Gasper Bardell,6,27,45,7,2,0
Coraline MacEvilly,2,55,30,2,2,1
Madelina McVie,3,67,40,7,2,1
Addie Imason,5,13,72,4,1,1
Mendy Leeming,4,33,27,2,6,0
Lorine Costanza,11,91,71,1,6,0
Mellicent Catherall,2,91,58,7,2,1
Mallissa Giovannardi,1,46,30,4,1,1
Mariejeanne Domm,9,36,57,2,1,0
Hollis Batham,7,75,37,1,5,0
Stefano Diplock,10,39,53,3,1,1
Theo Chatterton,7,13,71,8,6,0
Godfree Baitey,9,47,44,2,3,0
Jaquenetta Cradduck,4,19,46,4,1,0
Clementius Atyea,3,83,54,2,6,1
Vivianne Tampen,4,21,43,5,3,0
Kendal Tomasicchio,3,60,52,6,1,1
Kelly Bruins,3,70,46,8,6,1
Lowrance Shyram,4,10,68,2,3,1
Jonis Skehan,6,71,74,3,3,1
Ryan Edrich,1,26,44,8,5,0
Ofella Matthewman,11,77,30,7,4,1
Alverta Haymes,7,105,42,1,4,1
Ogdan Kynett,4,66,35,6,3,1
Erl Allmond,8,82,48,2,2,1
Hortensia Baldree,2,94,52,6,1,1
Jarrod Kilgallon,4,17,46,4,1,1
Shelba Stollwerck,5,23,36,2,1,1
Willa Verbrugge,10,33,28,9,2,1
Oberon Yarrell,3,97,73,4,1,1
Barr Staunton,7,95,53,1,4,1
Weston Kasting,5,66,66,1,3,0
Gaye Mc Mechan,7,12,30,7,6,0
Currey Stiffell,6,43,33,10,3,1
Deny Rees,2,100,49,2,5,0
Alika Wildish,1,84,59,5,4,0
Rene MacGowing,6,12,64,8,1,0
Gunilla Zappel,6,20,30,5,5,0
Hallsy Tenpenny,1,8,51,7,6,0
Shem Stonehewer,5,60,31,9,4,1
Morena Draper,6,82,57,4,5,0
Gustie Hubery,5,90,42,4,3,1
Angelia Spadollini,9,8,52,1,3,0
Cariotta Mackinder,5,68,65,6,2,1
Marlena Dizlie,5,95,72,4,3,1
Basilius Eglington,9,72,51,6,1,0
Harry Stut,9,100,72,2,4,0
Lenette Senussi,9,8,47,2,1,0
Lise Clemmow,6,75,64,5,6,0
Bernie Hirsthouse,10,49,65,3,2,0
Doris Biggadike,10,38,50,4,3,1
Shirline Renowden,7,77,50,9,1,1
Gerek Flack,1,84,35,2,4,1
Jordanna Seefus,1,20,26,8,6,0
Ericka Blow,6,72,28,7,3,1
Marget Tidgewell,10,62,49,6,3,0
Shannon De la Yglesias,4,86,47,4,5,1
Mattheus Kinglake,4,78,54,9,6,1
Agnes Verdon,2,89,41,10,6,1
Brnaby Izat,11,9,39,4,1,1
Inga Midford,11,13,59,10,4,1
Fredericka Ewin,10,19,68,3,1,0
Joby Jurgen,1,76,51,5,2,0
Pat Cooke,6,29,54,8,5,0
Moyna Houlton,11,93,73,6,1,0
Artus Raye,9,84,42,7,3,1
Demeter Binney,1,65,27,4,3,1
Greggory Girodin,10,49,32,5,4,1
Justinian Barthelemy,4,94,60,8,4,0
Stefano Nuttey,1,97,56,1,5,1
Loreen Arndell,3,75,41,6,4,0
Brucie Moodey,11,3,31,3,4,1
Malissia Jikylls,1,91,42,4,2,1
Delmar Mayo,9,34,30,3,2,1
Moshe Litster,2,7,55,2,6,1
Darnell Shivell,5,16,33,2,5,1
Damien McReynolds,10,26,51,5,2,1
Daffy Southwick,10,58,60,10,5,1
Gaye O'Mahoney,8,13,44,8,5,1
Bran Plank,1,21,61,7,1,0
Arliene Apfler,10,104,74,10,2,1
Gregory Matusiak,7,87,61,6,2,1
Guss McMurray,1,2,50,3,2,0
Harlie Eldred,4,41,69,1,6,0
Hurlee Kulvear,10,72,29,1,6,0
Bobina Tadgell,6,89,59,1,1,1
Mort Duckels,1,4,69,1,3,0
Julissa O'Hoey,7,54,31,8,1,0
Gwynne Thorrington,6,76,71,6,5,1
Eddie Lenard,2,68,33,5,3,0
Timotheus Jacomb,1,52,66,2,4,0
Jenni Twinbourne,1,98,26,9,6,0
Theresita Folger,6,76,37,4,5,0
Nikita Tabrett,6,70,62,7,6,0
Norri Makey,6,77,34,1,2,1
Isahella Matyushonok,11,12,29,9,6,0
Berta Pennino,11,91,62,7,1,1
Gav Vennard,11,45,51,8,5,1
Aubry Wethered,8,93,72,8,1,0
Hendrika Le Sieur,2,41,71,5,1,0
Ofelia Chomicz,6,33,37,6,2,0
Roland Seebert,9,50,30,10,3,1
Shurlock Kedwell,3,29,40,9,1,1
Michaela Raiment,8,78,33,4,3,1
Inna Breckon,4,75,45,2,4,1
Shep Vorley,3,35,57,6,1,1
Thorny Stanborough,6,60,72,3,4,1
Karol Surplice,8,94,40,5,5,0
Grethel Britzius,2,63,51,2,6,1
Domenico Belsham,4,12,39,7,3,0
Glennis Kastel,11,6,33,1,5,1
Maury Tourner,4,76,64,9,2,0
Gwendolen Brugden,7,8,54,6,6,1
Kylen Heddy,1,57,64,3,4,1
Georgie Yandell,9,79,26,6,2,0
Delcina Spurritt,1,64,42,2,5,1
Orbadiah Happs,7,9,45,7,1,1
Pierrette Tupper,1,90,35,7,5,1
Kriste Gheorghescu,7,101,50,6,3,0
Charla Alison,10,92,46,6,3,0
Hugo Felstead,1,46,54,9,4,1
Rania Vogele,11,19,62,7,5,0
Gabie Showering,10,100,52,2,1,1
Darbie Capper,11,51,35,3,2,0
Velma Lehon,10,84,69,4,5,1
Cristin Kilgannon,7,98,72,5,1,1
Dante MacAlaster,4,9,39,2,5,0
Lela Van Salzberger,10,102,55,5,4,1
Jeniffer Bettis,1,21,58,3,4,1
Isabella Andrusyak,6,16,55,9,1,1
Guillemette Hynam,5,95,33,7,1,0
Yale Cowill,5,55,73,10,5,0
Tonnie MacTeague,3,65,66,10,1,1
Quinn Iacovacci,11,5,28,4,6,1
Isaiah Basezzi,7,24,29,7,6,0
Sidonia Marrow,5,19,61,5,1,0
Connie Booth-Jarvis,6,91,74,6,6,0
Verene Wistance,3,90,35,1,6,1
Lock Battey,5,44,71,5,4,0
Basilio MacRinn,10,75,68,8,5,0
Land Corkel,3,25,51,10,5,1
Mimi Janicijevic,11,2,49,6,3,1
Pincus Berrow,9,19,55,2,2,0
Clovis Brady,4,72,30,2,2,0
Lorry Nudd,5,18,52,2,4,1
Amy MacGaughie,9,13,28,3,6,0
Marcelline Marfe,9,57,30,9,2,0
Shandie Volette,2,63,26,10,6,0
Theresina Vanyakin,8,20,27,9,4,0
Rosie Vamplew,1,83,59,2,4,1
Lonny Topley,9,35,47,7,4,1
Cody Gansbuhler,7,45,62,2,6,0
Casandra Penchen,3,92,55,1,2,0
Arliene Adelsberg,9,61,67,8,6,1
Mordy Bonnyson,9,26,26,6,2,0
Burlie Oakey,2,89,62,3,4,0
Theo Kebbell,11,11,47,2,4,0
Mirabel McEvay,7,57,34,9,1,1
Eldon Nias,3,86,46,8,1,1
Theresita MacGaughie,3,15,44,3,3,1
Abdul Morales,1,22,53,2,6,1
Fredericka Housiaux,9,13,69,4,4,0
Andy Emanuele,11,52,32,5,6,0
Lindi Ruffey,3,70,48,10,2,0
Burtie Todarello,2,39,41,10,3,0
Rakel Ivanilov,6,85,42,6,2,1
Nollie Brusle,11,16,71,9,1,0
Cedric Durrett,1,68,68,2,1,1
Petronille Nand,4,17,55,7,3,0
Valida Derle,4,95,47,10,6,1
Geralda Acomb,10,40,39,2,2,1
Grace Duckers,6,7,32,2,2,0
Emelita Pummell,10,69,70,10,5,0
Katina Sweatland,6,95,32,6,5,0
Claudine MacGhee,3,30,72,3,1,1
Binni Goodricke,6,90,28,3,6,0
Cassius Rockliffe,6,57,31,10,1,1
Aldon Cattrell,1,86,51,8,3,1
Masha Deschelle,8,24,48,6,1,0
Fitzgerald Leander,11,23,70,10,4,1
Hedvig Hearmon,3,77,54,4,1,0
Giovanna Morten,4,88,42,4,1,0
Hatti Paike,6,75,71,8,2,1
Sutherland Solway,1,56,31,2,4,0
Stefanie Brannon,7,90,43,2,4,1
Cissiee Trotman,4,40,39,7,3,1
Shara Nicholson,7,85,31,6,2,0
Sargent Spuffard,2,45,51,7,2,1
Lyndell Simon,4,5,25,9,6,1
Fifi Bottby,7,10,61,2,5,0
Alex Lewsam,4,100,28,8,3,0
Luciano Mathy,6,74,29,2,3,0
Vanessa Bryer,5,99,42,5,3,1
Ilka Godbolt,10,87,53,6,3,1
Lewie Hurworth,3,26,69,4,4,0
Alejandro Wattinham,8,1,50,10,3,1
Gabie Pollington,1,89,63,7,6,1
Teodoro Toffalo,4,2,61,9,6,0
Rosemary Bain,9,84,56,6,2,0
Jeno Ayling,3,81,56,9,6,1
Brandy Traynor,10,65,39,4,2,1
Johann Tyas,3,27,61,3,4,1
Kalil Halpin,6,63,68,5,4,0
Harland Aldritt,1,89,70,6,2,0
Frasquito Karpenya,5,37,44,6,5,1
Wynn Van Dale,3,82,69,1,1,1
Desdemona Aizikovitz,7,43,56,9,6,0
Luella Glenny,1,72,27,7,1,0
Meriel Snaith,9,99,38,3,1,1
Earvin De Hailes,8,80,32,7,5,1
Tommie Gauthorpp,1,42,33,3,5,1
Geordie Mantrup,10,100,29,1,4,0
Holly De Giorgio,11,62,44,10,2,0
Cad Benadette,10,64,37,7,6,1
Isador Carabet,6,38,31,5,6,0
Brett McIlmorie,10,35,26,1,5,1
Vinita De Hooch,9,11,71,3,6,1
Joe Rudland,9,30,52,3,1,0
Rafe Carley,8,20,29,8,1,1
Bonnibelle Boater,7,65,27,2,6,1
Saidee Fawson,8,101,26,8,1,0
Neil Kidner,7,30,55,7,6,1
Nettle Pardy,9,13,30,2,2,1
Dannel Jeppe,10,93,67,7,3,0
Gauthier Lotterington,1,37,38,10,3,0
Salaidh Bezemer,8,35,57,8,5,1
Allyce Whibley,6,87,59,7,2,1
Berti Dockray,9,97,25,4,5,1
Meriel Schrader,10,94,31,1,5,1
Lesley Whitham,3,56,74,4,3,0
Filmer Sanger,10,101,59,1,1,0
Nathan Shireff,6,70,44,3,1,1
Olive Wimlett,5,56,63,7,2,1
Rawley Lodo,3,13,72,1,1,0
Sherlock Huston,2,73,35,7,3,0
Westley Hawley,9,51,53,7,6,0
Marna Stark,1,69,33,3,2,0
Cecily Slide,4,56,73,3,2,1
Katya Lower,3,53,70,6,3,0
Ludovika Sturgeon,6,21,41,2,2,1
Deanne Trow,4,20,37,2,5,0
Vonni Wink,7,54,58,5,2,0
Midge McCritichie,9,79,64,1,5,1
Gaynor Ogborn,1,60,46,8,1,0
Ellene McSherry,7,10,30,9,2,0
Pavlov Cush,1,94,36,4,1,0
Vi McInility,2,45,53,3,5,1
Tedie Armin,8,105,41,3,1,0
Paulette Vidineev,4,71,64,10,5,1
Arvy McBean,4,45,65,7,2,0
Gill MacComiskey,4,78,61,1,6,0
Desi Shieber,7,45,58,3,1,0
Arnaldo Jurczyk,1,77,70,3,6,0
Shurwood Bartomeu,8,93,72,10,1,1
Carlo Wison,9,44,30,8,6,0
Tani Barnbrook,3,43,74,2,2,1
Page Pinchon,6,9,57,8,3,0
Quentin Sallnow,4,25,70,3,1,1
Candi Collisson,4,49,70,6,6,1
Wallas Juares,6,92,65,9,1,1
Jewell Critzen,8,99,40,8,3,0
Brocky Imbrey,3,27,58,6,3,1
Jeramey Feare,11,86,45,2,2,1
Sauveur Candy,1,102,29,6,3,1
Vaclav Aylott,1,82,28,6,6,0
Maxie Lebbern,3,20,70,5,2,0
Rafa Habbershon,4,3,62,3,2,1
Candide Stronach,6,71,62,9,4,1
Vally Boichat,1,18,64,9,3,0
Hildy Newbold,4,76,73,5,3,0
Stacee Wills,2,85,61,6,4,1
Frank Maliffe,4,95,73,8,1,1
Charmion Tatnell,7,33,63,7,1,0
Barry Gerasch,7,59,35,6,1,0
Tandi Maseyk,2,11,31,5,5,0
Jacqueline Francomb,2,19,33,4,3,0
Marabel McFfaden,3,90,68,9,2,1
Kasey Hebron,6,45,41,4,4,0
Bell Yurlov,8,59,69,1,6,1
Tod Thorouggood,7,49,37,2,5,0
Franky Melton,11,36,52,4,2,0
Colin Dullingham,2,9,57,10,3,1
Bent Atger,11,31,69,1,3,0
Calley Birden,8,80,65,1,6,0
Ronnica Bremen,4,47,41,1,2,1
Ardene Goodrum,7,75,65,2,3,1
Zora De Moreno,10,96,56,6,1,0
Grissel Traviss,7,33,64,3,3,1
Eugene Pesselt,3,5,28,1,1,0
Jaquenette Hanes,10,15,34,7,5,1
Orsa Praten,5,103,62,7,5,1
Ezechiel Oehm,2,15,57,8,3,1
Antonietta Crimp,1,93,72,1,5,0
Iggy Allchorne,9,24,55,6,6,0
Kippie Lonie,1,89,72,7,1,0
Anet Coners,1,19,74,7,3,0
Alistair Duerdin,3,85,58,2,5,0
Sadye Konmann,4,30,61,6,1,1
Aksel Napoleon,2,21,54,2,4,1
Elset Coniff,11,50,41,6,6,1
Mord Caskie,10,28,53,6,1,1
Kevyn Wimpeney,5,103,27,9,5,0
Idaline Bernaldez,1,97,62,8,1,1
Jermaine Boich,9,88,29,9,5,0
Franny Galiero,8,78,36,10,2,1
Siffre MacKibbon,4,67,34,1,4,1
Tove Chue,8,7,67,5,5,0
Aloysius Buttel,8,17,64,7,2,1
Galen Theodore,8,14,35,3,6,0
Smitty Vaulkhard,1,42,57,10,2,1
Jarrad Gulberg,3,28,55,9,2,0
Edvard Cambling,9,72,43,9,4,0
Baxy Stocken,3,62,61,9,1,0
Rod Heibl,1,2,73,8,3,0
Henry Elcocks,3,94,63,2,4,1
Denney Bellie,8,29,45,5,2,1
Norbert Ryles,7,52,26,6,4,1
Dunstan Cappleman,7,57,36,4,3,0
Manda Mant,8,61,35,5,2,0
Norene Esposita,2,82,50,7,3,1
Mayne Pyzer,6,19,48,3,2,0
Jonis Marcroft,6,65,60,4,5,1
Erie Bevington,5,36,58,7,2,1
Quentin Rosengart,10,32,65,4,1,1
Nerti Gersam,5,44,49,6,3,0
Benedicta Toman,5,64,62,2,5,0
Tiphanie Gawn,8,101,37,8,1,0
Mandel Meaney,4,90,62,8,6,1
Everard Ox,8,73,29,2,5,0
Demetris Shuker,10,97,26,9,4,1
Tab Lattimore,5,71,48,10,4,1
Marian Pullin,7,87,74,4,1,1
Rhonda Risby,2,22,67,4,5,0
Waldo Burdon,11,72,54,4,6,1
Lucinda Lawrey,6,104,52,4,3,1
Rycca Keynd,10,9,48,5,2,1
Magnum Thorald,4,59,39,6,3,0
Jens Cork,10,60,34,4,5,0
Benoit Czajkowska,4,67,43,5,2,0
Kyle Caroli,11,46,70,7,6,0
Nikolai Brittain,9,4,72,1,6,1
Stephen Crehan,7,10,65,4,1,0
Sherm Rowles,4,84,73,1,3,1
Bernice Liversedge,9,101,42,7,1,1
Wood Benner,11,69,41,1,5,0
Galvan Dawdary,4,48,29,2,3,0
Kamilah Brislane,8,70,50,9,5,1
Hermy Whieldon,5,40,54,5,1,1
Astrid Wavell,8,38,30,8,5,0
Ernestus Brotherton,3,21,45,4,3,0
Devonna Pinwell,11,39,33,1,1,1
Taddeo Penreth,6,22,30,3,2,0
Hobey Epp,4,8,66,7,1,0
Lotta Oehm,4,24,71,10,1,0
Aidan Sommer,2,35,37,6,2,0
Rob Birchill,2,38,73,1,6,1
Ola Swindell,8,3,61,5,1,0
Lynna Vivian,6,81,43,5,5,0
Merrily Torricina,4,105,68,4,1,0
Allie Coffin,3,47,56,7,4,1
Dorry Mulrean,9,35,65,1,1,0
Giff Theze,2,66,67,6,5,1
Darius Afonso,2,63,26,2,6,1
Alford Nevet,2,24,37,4,5,1
Sharleen Rubes,4,63,34,2,4,0
Renard Oty,6,30,42,1,3,0
Orv Di Franceschi,4,6,48,7,1,0
Valina Shankland,9,56,51,6,6,1
Tiphani O'Driscoll,9,32,74,3,6,0
Peta Baldi,1,92,70,7,3,0
Geri MacGown,9,93,31,1,1,0
Alecia Crossley,5,56,36,2,5,1
Cornelle Bly,3,66,72,8,1,1
Alika Sturch,9,30,43,5,3,1
Lonnard Luberto,4,33,43,5,4,0
Lind Bunson,9,26,36,1,5,1
Vivie Botte,7,72,31,8,3,1
Arin Dykins,6,34,67,2,2,0
Alexa Van Ross,6,65,50,7,2,0
Murielle McAlester,4,99,51,9,6,0
Ernestine Million,11,70,26,3,3,0
Cassi Ricioppo,6,56,54,7,2,0
Allen Symington,3,11,68,8,5,1
Jakob Gorioli,4,35,35,7,1,1
Farlee Brandes,7,73,60,10,4,1
Dilly Claibourn,6,102,40,10,2,1
Matias Morstatt,4,62,29,2,2,0
Dorie Seabon,5,85,31,2,2,0
Michaella Prescott,5,95,52,2,6,1
Arabela Monkleigh,10,84,47,1,4,1
Cherry Kilmary,10,30,72,4,6,1
Decca Slatter,8,20,26,3,2,0
Melva Nulty,11,72,58,5,1,1
Marys Goodboddy,10,17,43,10,6,0
Rosalie Conkie,7,35,37,4,2,1
May Rasch,8,94,41,2,1,0
Shoshanna Stelli,2,37,62,10,4,0
Marthe Fuentes,10,85,25,7,2,1
Hallie Escale,8,81,55,6,3,1
Edna Montier,2,15,26,10,1,1
Howey Haysom,11,63,48,3,6,1
Yvor Kevlin,10,56,47,3,5,1
Valenka Twell,11,9,65,5,2,1
Trixi Nudde,8,45,72,2,4,1
Bran Readwood,2,25,26,7,2,0
Quintin Pietron,8,83,52,7,2,1
Beauregard Annakin,7,7,61,9,1,1
Lavena Kunneke,1,43,28,4,6,1
Stavros Hulme,10,66,63,6,6,1
Dieter Giffaut,2,91,34,8,1,1
Iona Varty,10,3,65,10,1,0
Violette Loftie,2,27,29,4,2,0
Violante Tapscott,5,49,69,4,1,1
Gelya Filliskirk,11,91,65,6,2,1
Jarid Canet,7,99,43,6,2,1
Arliene Monks,6,21,30,4,6,0
Hort Phalp,9,93,74,7,2,0
Jacky Calcott,3,6,45,3,4,0
Yoko Sawley,10,19,45,7,5,1
Nealy Matiashvili,3,45,51,4,2,1
Joella Kobiela,7,60,25,4,6,0
Nicolette Christoffe,11,50,59,7,4,1
Pippy Lamburn,1,40,47,5,1,1
Lorrayne Cremer,2,46,63,7,1,0
Jane Ransbury,10,18,72,3,5,0
Dorisa Burkett,3,90,71,1,3,1
Lay Paintain,9,55,74,3,5,1
Rosco Heifer,6,83,43,3,6,1
Eleanor Buchan,7,21,39,7,5,1
Elberta Cattell,10,85,52,8,4,0
Cord Jacobovitch,11,62,70,3,1,0
Maryanna Bowmen,3,101,59,9,5,1
Rosita Trenfield,5,94,51,8,3,1
Annadiane Halso,9,20,62,5,1,0
Caren Lawly,5,25,27,7,2,1
Teresita Loadwick,6,31,72,6,5,1
Gael Easby,8,29,30,1,5,0
Mick Helix,4,80,35,9,4,1
Annabell Kornilov,4,34,41,7,5,1
Kaia Archdeacon,5,59,48,10,4,0
Lynett Gruby,4,67,50,7,5,1
Eustace Warne,1,89,28,8,3,1
Oralle Dunrige,7,91,60,5,4,1
Matt Ballsdon,2,15,49,4,1,0
Harrie Iacovazzi,10,49,38,8,1,1
Boony Shevels,8,102,52,1,4,0
Shae Pionter,11,41,64,7,3,0
Isabelle Hearson,3,4,46,4,4,1
Lorine Clute,9,40,69,9,1,1
Meredithe Kenewell,9,35,41,4,4,0
Phil Bartkowiak,2,45,57,9,6,1
Sabra Lamba,4,24,57,5,6,0
Mauricio Caird,6,27,30,6,1,0
Enrique Crowson,11,60,46,4,2,0
Martin Kilban,10,66,74,6,5,0
Bernie Duligall,7,68,70,3,6,1
Obed Todarello,1,28,30,8,5,1
Luisa Demsey,7,5,35,4,6,1
Josh Bonwell,8,62,39,5,2,0
Wadsworth Bloom,4,38,68,4,3,0
Myranda Sterte,2,86,53,9,2,0
Boigie Stanlock,6,64,31,2,3,1
Hamil Dugood,9,4,63,1,4,0
Sallyann Arnot,4,23,48,5,6,0
Tara Venton,4,7,47,6,5,1
Melisse Ashley,9,52,66,1,6,1
Gordy Otham,4,53,30,4,1,0
Giulia Asaaf,2,9,36,7,6,0
Eb Santello,3,101,65,1,4,1
Frieda Landeaux,9,83,56,4,1,0
Cathie Mundle,8,33,55,5,4,0
Rosetta Marconi,2,48,49,1,1,0
Marco Smerdon,1,27,73,3,4,1
Flora Eles,6,3,35,6,4,1
Lucina Petrillo,8,58,46,8,3,0
Ginnifer Dutchburn,4,54,52,1,4,0
Mavra Pawley,4,94,44,9,6,0
Rikki Carsey,5,93,41,3,3,1
Breanne Kloster,10,53,67,5,2,0
Siffre Stoyles,5,39,69,9,3,1
Dagmar Sygroves,9,75,32,9,4,0
Welbie Morson,7,85,46,5,1,1
Petronella Hukin,1,95,33,6,1,0
Talyah Bebbell,11,37,72,2,6,0
Frank Sweetman,4,94,37,3,3,0
Harvey Ollerhead,10,96,68,3,5,0
Ted Johncey,4,15,40,1,4,1
Karly Goymer,8,23,57,3,2,0
Efren Scoles,10,69,42,7,6,1
Neddy Keoghan,8,40,59,8,6,1
Ira Penwell,4,75,72,3,6,0
Shellysheldon Neilly,6,64,48,7,5,0
Leoine Snary,4,79,26,2,5,0
Mabelle Heavens,7,26,28,5,5,1
Alexia Gier,2,55,41,4,6,1
Joanna Covell,5,77,47,7,6,1
Julianna Joseff,8,25,33,1,3,1
Orelia Sotheron,2,1,67,9,3,0
Xever Cotte,2,48,72,9,5,0
Lolly Bremmer,2,23,54,8,5,0
Nessa Bygate,1,61,42,3,5,1
Uriel Haydon,10,34,34,6,5,0
Garnette Brickell,2,27,40,1,2,1
Delano Charpling,4,2,46,9,4,1
Barny Hellens,1,14,61,7,1,0
Yoko Dengate,11,45,57,8,6,1
Jimmy Pietruschka,9,58,57,5,5,1
Harv Peschke,1,36,48,2,5,0
Gabriella Sedgebeer,8,104,39,5,4,1
Meryl Trethewey,11,43,53,1,5,1
Sheba O' Reagan,3,20,35,7,3,0
Sascha Lonsdale,3,2,39,7,4,0
Ermengarde Ambrogioni,10,30,33,9,1,1
Bobbye Dreamer,9,5,64,6,4,0
Erda Brameld,8,80,37,2,6,0
Luz Grendon,5,29,45,4,5,1
Rikki Cesconi,10,13,33,8,6,0
Lanna Nott,10,30,38,4,2,0
Dane Oldknowe,10,60,56,9,5,1
Andy Giorgietto,6,88,59,3,1,1
Alfie Shurey,11,69,70,10,5,0
Lisa Itzkovsky,10,100,44,1,5,0
Grantley Inchcomb,11,80,43,8,3,1
Sutton Segebrecht,5,84,71,7,5,1
Corrie Cheer,11,78,62,3,4,0
Barri Fritter,4,56,54,8,1,0
Lesly Boolsen,3,79,43,4,6,1
Jojo Blake,9,14,46,6,2,0
Selinda Boyack,9,46,51,6,2,0
Boyce Presman,9,71,62,7,3,1
Carena Okenfold,2,32,51,7,1,0
Bianca Fairney,7,64,62,1,2,1
Hallsy Kilgallon,11,83,72,7,6,1
Polly O' Quirk,7,105,73,5,2,0
Kym Munro,1,72,49,2,4,0
Reeba Dowd,2,86,48,7,4,0
Cayla Larmour,1,35,62,7,5,1
Corena Ollerearnshaw,3,77,48,6,6,0
Jess Dilleston,10,5,69,10,4,1
Alida Whitley,10,43,55,1,5,0
Robbi Flude,7,62,56,10,2,0
Lori Barradell,4,62,50,7,2,1
Berta Dubock,5,8,69,1,1,1
Melinde Late,10,89,27,8,3,1
Sharyl Wyborn,9,49,56,7,2,0
Westley Leisk,5,16,32,9,4,1
Elli Martyntsev,9,54,73,2,2,1
Garald Chater,10,42,44,6,6,1
Evanne Moret,2,16,57,6,1,1
Gwenni Berkely,4,94,33,3,4,1
Maurene Drewett,4,66,43,6,3,1
Bettine Bastian,11,97,55,8,3,1
Deanne Leschelle,5,98,30,6,4,1
